GridID,B2_mean,B3_mean,B4_mean,B8_mean,B11_mean,B2_ent,B2_corr,B2_asm,B3_ent,B3_corr,B3_asm,B4_ent,B4_corr,B4_asm,B8_ent,B8_corr,B8_asm,B11_ent,B11_corr,B11_asm,NDBI_mean,NDVI_mean,workc0,worka1,worka2,worka3,worka4,worka5,workb1,workb2,workb3,workb4,workb5,wendc0,wenda1,wenda2,wendb1,wendb2,POInum,POItype,residentia,commercial,industry,public,greenspace,type60
1405,722.273091,868.701319,907.417833,1736.756497,1487.387845,1.504402,0.091219,0.285214,1.636157,0.079031,0.246514,1.737339,0.125166,0.223303,1.984374,0.083407,0.151836,1.270611,0.242597,0.355922,-0.049483,0.3135,405.243508,-8.255555,6.189006,-15.092611,15.457838,-18.401583,3.82869,5.974941,-1.064935,16.603553,27.299929,472.468822,67.709061,-48.199131,-76.272624,-67.137055,16,2,60.182071,3.846138,3.339349,3.426449,0.000005,1
1205,1287.937575,1413.012805,1459.061224,1579.962785,1538.779512,1.44643,0.103363,0.306943,1.488428,0.085848,0.294098,1.573731,0.115267,0.266887,1.649227,0.109062,0.245061,1.166725,0.313477,0.392201,0.002066,0.040548,602.120355,-7.132366,0.335393,-7.020157,12.542841,-72.25543,0.989788,7.328855,-0.109898,11.22663,161.607178,518.343409,-26.427426,-120.687987,-32.660356,13.355647,1,1,41.036329,4.024871,2.491862,4.005155,1.053668,3
1314,1147.964,1317.9444,1445.644,1866.5072,1919.8912,1.876821,-0.147391,0.1784,1.93811,-0.160087,0.164207,1.994844,-0.147677,0.150825,2.021581,-0.15395,0.147842,1.44225,0.182177,0.293689,0.034181,0.142883,787.965279,-14.31083,13.643402,-28.392949,26.176397,-88.245819,2.717735,24.3848,-10.802088,29.875444,62.693152,887.583669,44.907578,-123.710062,-86.303158,-78.541148,45,4,103.65419,9.237926,1.451534,7.205839,0,1
952,696.039184,857.711715,857.9992,2002.047181,1621.321072,1.335423,0.218227,0.353404,1.519673,0.158888,0.268431,1.530553,0.215462,0.280021,1.894131,0.159157,0.167089,1.255333,0.232781,0.350837,-0.088287,0.42241,343.429369,-7.154032,7.891158,-10.240821,13.743676,-35.358885,-1.62025,13.610781,-1.896351,13.383714,24.5264,387.726183,10.341511,-47.258052,-55.26048,-45.51538,19,2,74.194905,0.710088,0,3.921482,0,1
594,791.478992,965.460984,1087.531413,1896.448179,1787.937575,1.405731,0.223871,0.302032,1.531251,0.218874,0.263834,1.678864,0.224581,0.222899,1.885202,0.249698,0.168961,1.324414,0.254429,0.331604,-0.006315,0.278879,628.161082,21.069614,-9.454918,-17.577925,22.748634,-58.29241,6.763062,4.84131,-5.247986,8.277527,37.918151,748.623111,26.311288,-102.966581,-91.792034,-84.19849,57,4,110.208782,5.295945,0,6.294767,0.411126,1
1750,826.865946,993.067227,1062.912365,1764.586635,1820.747499,1.400642,0.226592,0.3146,1.472778,0.23667,0.2931,1.615595,0.243124,0.250258,1.689074,0.219365,0.222375,1.303045,0.285811,0.343214,0.026778,0.254766,398.840538,-17.107341,-10.439707,-2.40379,21.71989,-59.93744,23.637171,-5.778764,-12.770073,9.919017,93.033193,413.502884,-30.05674,-92.058652,15.659896,10.978608,1,1,4.370663,0.039667,0.660607,0.81453,0,1
1914,1200.4964,1246.6404,1262.9756,2076.728,2210.7652,1.589565,0.160108,0.257215,1.629797,0.143218,0.233886,1.685502,0.20564,0.224,1.831349,0.108669,0.186963,1.459164,0.314148,0.299447,0.023903,0.258562,519.039228,22.350105,-21.324415,49.228037,71.624965,-71.040148,94.113401,75.004623,10.330927,20.394521,91.429932,648.79723,-131.907538,-157.821154,25.663795,12.899796,2,1,0.636737,0.001117,0.181584,0.862723,0,3
840,660.8892,873.484,882.0884,2071.9596,1659.1196,1.212923,0.28379,0.393679,1.393812,0.254828,0.314647,1.453683,0.372431,0.325719,1.948822,0.221752,0.158973,1.384755,0.270917,0.318696,-0.094366,0.406964,49.8653,-1.485549,-1.388555,-3.253246,1.869328,-6.063092,0.085672,-0.016113,-0.524907,1.657097,10.508017,54.525869,-18.002692,-9.691885,0.274843,-5.735918,6,2,26.670123,1.373438,0,9.350649,0,4
126,800.9016,999.3364,1077.768,1822.8,1606.8884,1.520662,0.111642,0.262785,1.631998,0.09263,0.23043,1.717576,0.124076,0.208672,1.890022,0.19411,0.168158,1.234795,0.323768,0.369472,-0.036799,0.261252,344.370268,-11.15864,13.518547,-8.242727,16.098237,-27.266044,2.755525,1.644787,-2.252066,17.936767,35.935365,417.75051,-18.615102,-57.457742,-20.493128,-23.218331,4,1,18.962274,0.867619,0.87352,1.486835,0,1
1956,876.4216,1034.6168,1096.13,2165.3908,2157.1184,1.247301,0.290279,0.416425,1.468591,0.067679,0.295486,1.427401,0.236943,0.34076,1.828421,-0.061209,0.183427,1.32158,0.304386,0.344178,-0.008812,0.380994,417.009082,3.615014,7.116383,-4.731943,10.3309,-61.787102,7.464308,1.820303,6.543194,13.933994,96.957864,449.87125,-84.855261,-114.698704,16.385102,13.405567,2,2,0.277858,1.39239,0.678562,2.403717,0,1
144,391.1932,529.7112,468.5544,1189.7432,1137.8908,0.472658,0.648393,0.741778,0.530118,0.674102,0.716899,0.673653,0.606342,0.642519,1.050365,0.587195,0.517096,0.820935,0.6091,0.587714,-0.029885,0.213211,399.568787,-0.433496,4.86607,-7.698633,7.535191,-49.492159,-6.757268,6.999363,-8.113647,8.294928,35.390286,462.869792,-53.191159,-65.751636,-24.006146,-28.17296,2,2,2.587637,0.205456,0,0,0.784496,5
1940,836.9696,948.6208,1022.104,1742.3484,1619.8628,1.566045,0.041868,0.242321,1.650998,0.04548,0.2208,1.767659,0.057731,0.194736,1.934722,0.024272,0.158706,1.241861,0.257308,0.356099,-0.011557,0.259488,726.928349,-11.96015,4.926664,-17.586335,16.288421,-64.343043,6.645617,12.995508,-8.35632,14.669435,46.541719,775.651855,-13.72152,-92.26365,-113.852921,-66.818713,47,5,109.414104,6.038078,1.429748,12.152452,0.275201,1
186,831.752899,1044.240704,1118.998401,1951.384246,1886.505798,1.37633,0.35894,0.345743,1.538018,0.373265,0.288196,1.605467,0.371741,0.263524,1.767055,0.434088,0.220944,1.415785,0.30351,0.316767,0.013544,0.268408,580.568472,-13.318639,6.571936,-11.712183,13.732781,-70.047715,-4.165596,10.289435,-8.527737,15.839823,63.131041,655.235112,-48.003245,-105.426762,-10.79942,-28.599517,5,2,5.475822,0.914263,0.013206,0.506161,0.533975,1
1088,882.654262,1006.019208,1055.109244,1705.890756,1551.4998,1.70193,-0.013043,0.215143,1.793287,-0.009189,0.193445,1.896893,-0.008736,0.170928,2.018988,0.01113,0.143381,1.451405,0.193511,0.287033,-0.024446,0.23952,532.448026,4.310647,10.385511,-17.06737,17.353746,-48.419976,6.101022,5.280053,-0.42559,20.9959,60.60146,777.36114,-17.595816,-116.670577,-75.380307,-74.14,38,4,58.885719,8.785423,1.853075,7.852308,0.412769,1
1206,1137.451781,1263.240896,1268.285714,1886.511805,1657.505402,1.579223,0.188486,0.259595,1.645595,0.168672,0.239271,1.672721,0.225101,0.23855,1.8148,0.106806,0.199107,1.201401,0.339361,0.396509,-0.049805,0.199285,481.404322,-12.357438,8.708478,-9.080813,17.636466,-66.444052,12.336636,12.200587,-0.186916,11.408445,142.160249,457.165938,-7.042806,-118.822509,-39.737013,16.774417,10,4,49.984883,3.036883,2.435907,7.363253,0.014072,3
702,1135.102841,1144.838735,1140.892357,1974.087635,1876.217287,1.57244,0.183509,0.249932,1.588127,0.165555,0.239508,1.633473,0.202461,0.227948,1.873854,0.141421,0.17154,1.380461,0.293175,0.308207,-0.020118,0.271163,541.649021,-6.794486,7.253224,-9.318215,11.175752,-96.433308,8.36672,12.382744,-1.126068,12.03137,135.887418,512.536715,-69.484105,-136.052881,-17.016107,-28.33896,8,4,30.08079,6.012483,0.029548,3.615243,0.080281,3
819,758.9552,968.3932,988.4716,2091.2996,1795.5812,1.311893,0.248388,0.363486,1.440416,0.252523,0.320938,1.570316,0.228637,0.27199,1.867486,0.235328,0.176109,1.26091,0.325782,0.377244,-0.059047,0.363798,646.427444,-10.336391,1.61824,-3.584227,8.059226,-87.295598,-1.336499,12.205914,0.145302,-0.033845,65.360334,658.175405,-42.239293,-105.391707,-36.355862,-68.445298,35,4,54.77452,8.986372,0,4.514847,0.006392,1
69,751.4644,994.5396,1152.5092,2128.3844,2286.2216,1.014533,0.435967,0.478321,1.132766,0.404622,0.43123,1.328108,0.388407,0.355763,1.584767,0.256197,0.25282,1.220337,0.338349,0.377551,0.047415,0.313802,203.660817,-2.824259,4.064765,-0.882964,9.158419,-19.965952,1.059849,0.72318,-1.958888,8.042418,30.572179,248.916674,-44.274409,-38.731862,-1.884326,-2.792047,1,1,0.306943,0.295044,0.757519,0.789812,0,1
310,867.1976,1051.854,1069.4572,2053.846,2074.3656,1.233119,0.306709,0.380217,1.38876,0.178749,0.309561,1.45366,0.219213,0.291101,1.688309,0.171465,0.22076,1.160314,0.370609,0.401323,0.009275,0.335746,120.556883,-1.778842,1.385564,-0.29169,2.170643,-18.959583,3.495334,-1.320181,0.615505,1.319814,15.768573,115.826166,-21.585527,-22.540708,2.740931,-8.008174,4,3,1.234302,1.760786,0.768051,0.001142,0,3
283,880.184874,1105.633053,1115.789916,2294.281313,2136.859144,1.353048,0.169247,0.320904,1.3183,0.218275,0.341485,1.494898,0.195465,0.277835,1.74571,0.160795,0.202338,0.999609,0.417689,0.467184,-0.026599,0.352267,137.951594,1.657092,0.111101,-3.754816,5.669867,-13.040951,-1.921139,1.819205,5.124818,1.938556,29.582562,129.452962,-16.753062,-27.041914,7.572639,-0.997649,3,2,2.954971,0.002308,1.260975,3.613114,0,4
449,1106.071971,1227.666134,1213.522991,2067.129148,2018.079968,1.173649,0.413855,0.427715,1.206761,0.372377,0.412245,1.371519,0.331505,0.338092,1.62081,0.165034,0.247827,1.046577,0.421025,0.462506,-0.020468,0.293255,309.561921,-8.528758,-6.164233,-5.910424,-0.806005,-48.314187,-2.879052,2.218583,-4.377593,-1.712522,69.85925,278.873696,-17.763984,-67.387101,19.598,12.002258,1,1,0.013014,0,0.152601,0.117431,0,3
768,752.054022,950.79912,903.759904,2242.261305,1850.663465,1.310325,0.227616,0.331792,1.316989,0.204319,0.329944,1.426187,0.273078,0.303682,1.752912,0.226806,0.202664,1.132016,0.352134,0.405293,-0.082466,0.420218,1155.245271,-10.8336,5.168459,-23.169488,33.51864,-252.415843,-10.803866,18.408715,2.420637,7.869782,265.100747,1171.250328,-153.74172,-301.174425,-116.740098,-88.587149,2,2,11.347215,9.559181,0,2.686685,0.982342,4
1945,463.9828,647.3484,549.7808,1933.0044,1340.4224,0.827207,0.449653,0.553886,0.873772,0.455162,0.529314,1.054467,0.437616,0.453017,1.613394,0.336223,0.247477,1.22053,0.36779,0.378538,-0.135984,0.446182,609.346048,-5.657127,1.044178,-11.587646,20.043191,-65.546137,3.503298,24.075863,-6.040545,13.256839,15.16671,668.997432,56.797188,-63.020243,-92.752585,-88.068338,2,1,44.849683,1.780083,1.578824,2.924343,0.000049,5
878,723.3344,914.3404,846.4372,2077.696,1452.5672,1.173783,0.316175,0.415911,1.267339,0.306986,0.376207,1.37814,0.323639,0.333185,1.745565,0.201342,0.209758,1.218517,0.372645,0.378143,-0.152018,0.393613,343.286478,-2.033377,-0.18302,-4.148109,9.7199,-81.201188,0.245909,3.769095,-3.652366,0.731892,74.973379,298.287466,-67.029149,-70.929166,-23.994327,-21.686633,7,3,52.117864,16.884225,0,7.276547,0.657372,5
1345,1331.55058,1380.52539,1346.384246,1912.735706,1926.191523,1.55806,0.22561,0.255024,1.548551,0.257494,0.261925,1.634911,0.220819,0.228546,1.757589,0.208516,0.200902,1.279826,0.331518,0.347678,0.000862,0.186074,195.104982,-0.428089,-0.488186,-4.256229,3.7374,-29.737224,1.686019,0.077842,-6.104183,1.132395,54.33005,195.301677,-35.01503,-59.395388,0.895716,9.087424,5,1,1.264461,0.000261,0.535406,1.134308,0,3
1732,1092.1712,1235.7484,1365.006,1856.4092,1768.0632,1.868332,0.320505,0.176602,1.919244,0.339654,0.164958,1.999222,0.361482,0.14718,2.057549,0.366186,0.134874,1.399402,0.263807,0.30802,-0.003425,0.162603,597.886608,-11.724258,9.877156,-15.54468,19.001825,-77.728068,9.898192,11.772252,-2.697564,19.03656,86.834785,593.369379,-51.402126,-104.750147,-42.138986,-48.000545,63,5,92.237685,21.024972,11.408446,8.275568,0.890424,1
1421,501.854858,630.952419,547.914434,2109.29988,1313.292283,0.81157,0.423827,0.576545,1.043377,0.347802,0.464797,1.049987,0.386123,0.473238,1.932533,0.172949,0.161679,1.28533,0.331219,0.350344,-0.209569,0.574097,287.853175,-6.010357,8.36707,-9.168939,11.975247,-28.208189,6.074026,7.127715,-9.257588,10.531386,26.147047,306.559259,-94.853389,-43.304754,-8.91989,-44.016465,31,4,60.169671,11.251336,11.195501,13.553836,0.024025,5
94,711.4728,965.6936,1107.0108,2054.5532,2289.2768,1.094716,0.404982,0.432,1.254206,0.356791,0.361175,1.408189,0.370014,0.303674,1.676537,0.393768,0.223644,1.364999,0.336863,0.325541,0.060249,0.312213,310.917106,-10.005665,11.250761,-8.193923,16.03635,-26.133356,3.297205,2.256758,-3.317659,16.467619,32.080908,386.893084,-14.446402,-55.493108,-23.00682,-20.424002,1,1,8.387518,0.094524,1.637102,0.09115,0,1
726,562.371349,751.367747,696.727491,2110.206883,1594.880352,1.079579,0.283349,0.445319,1.329318,0.155071,0.331851,1.269192,0.290738,0.379979,1.913515,0.148537,0.163695,1.260272,0.307619,0.358519,-0.125476,0.504656,363.368567,-9.628522,-1.542272,-8.502333,14.131246,-37.12988,10.728179,8.030384,-7.16209,13.377238,37.767206,381.774653,-10.525972,-67.389773,-33.967587,-34.250746,10,3,5.162648,2.032723,0.53364,17.733462,0,4
1926,976.426571,1124.661865,1188.368147,2021.157663,2159.168868,1.419492,0.263021,0.31044,1.438302,0.250985,0.304611,1.594241,0.263755,0.251503,1.700785,0.168912,0.214155,1.289467,0.33303,0.357768,0.038069,0.274016,498.102151,-6.428783,-3.947378,-13.969834,9.754089,-71.815976,6.240044,-4.900198,-7.319786,6.15472,78.62185,517.555607,-71.157281,-91.569246,-23.304285,-17.102259,3,3,1.095518,0.000048,1.970206,3.428231,0,2
188,841.4112,1003.9424,1097.3292,1799.934,1911.7876,1.217384,0.297516,0.382736,1.257884,0.279821,0.37358,1.375559,0.27749,0.331388,1.514978,0.361564,0.287802,1.152527,0.330025,0.399091,0.048169,0.242771,283.905968,-8.804501,-3.700705,6.265954,6.680051,-35.497739,-3.125169,4.287291,-8.938148,2.462258,25.245938,329.682006,-33.813633,-55.287469,-18.797173,-20.918597,1,1,30.844792,1.173876,0.666723,0.463052,0,1
1094,829.788485,1015.386246,1103.970812,1947.886046,1656.734506,1.422009,0.248924,0.308405,1.56589,0.208445,0.261214,1.686658,0.251342,0.230421,1.882484,0.216108,0.18094,1.338383,0.270859,0.331694,-0.059398,0.2879,281.473116,-6.714367,5.953455,-7.910441,13.315487,-31.247382,4.980337,7.113604,0.11265,13.933355,39.385938,299.188806,14.581778,-55.049962,-29.652227,-33.03375,18,4,60.833334,4.367022,0.141386,6.105196,0,1
341,775.485188,969.71257,1044.493195,1943.331865,1949.196157,1.145072,0.366811,0.416175,1.18872,0.339209,0.406251,1.253742,0.393147,0.392442,1.619068,0.29581,0.243938,1.032711,0.446602,0.46536,0.013996,0.305526,302.126987,-5.129986,0.662472,-7.893905,5.819883,-31.830986,-0.56758,0.386441,0.043398,1.354947,34.496739,312.820089,-8.514605,-44.091053,1.018808,-22.563645,15,4,22.518852,0.003975,1.837096,4.295109,0,1
1722,970.5528,1137.0692,1256.3232,2020.7392,2084.5012,1.533765,0.134907,0.266449,1.627438,0.111462,0.242193,1.747842,0.127401,0.209017,1.793883,0.030521,0.190657,1.310489,0.256949,0.341383,0.02638,0.242077,237.643315,-1.347851,2.005236,-5.332841,2.642593,-22.464538,0.306607,1.89627,0.324774,7.018936,5.76073,259.419245,9.930872,-22.303736,-34.237009,-26.216846,22,1,82.457668,1.711778,0.755774,5.292453,0.166065,1
243,775.327869,964.671731,992.435426,2087.066373,2024.596162,1.157034,0.357582,0.423865,1.289791,0.265439,0.362171,1.495026,0.258953,0.286399,1.657208,0.093606,0.232268,1.15104,0.394155,0.417695,-0.014086,0.381343,127.5897,-8.701445,-2.227977,-10.925161,3.229011,-12.891664,5.234682,-1.223519,5.382717,6.196589,15.910938,159.306555,-24.786825,-18.080437,-6.49274,-2.76045,2,2,0.876671,0,0,0.250653,0,1
838,608.2396,754.2916,740.6404,1801.832,1440.5144,1.399413,0.250045,0.320553,1.558341,0.215933,0.26083,1.608585,0.233039,0.25359,1.994126,0.270556,0.147002,1.50456,0.226201,0.274104,-0.071295,0.413366,142.589214,-3.05592,0.407431,-1.231054,5.933541,-17.299996,-0.524223,1.816947,-2.841156,4.599269,-18.048049,172.639918,-29.108083,-4.146132,-55.109355,-46.72993,37,1,101.476686,7.45756,0,10.909023,0,1
189,816.203918,1005.552579,1074.782087,1802.991204,1793.346262,1.28252,0.264904,0.358726,1.427382,0.242278,0.30412,1.536005,0.277405,0.277968,1.738897,0.222435,0.214665,1.363173,0.268561,0.3189,0.016851,0.257768,120.586898,-4.401811,-2.959939,-4.335452,1.713847,-12.801592,0.775742,5.769791,1.337463,5.394326,9.257614,141.882847,-7.672382,-18.07169,-9.421423,-17.237228,5,1,34.709512,0.308537,0.398514,0.015363,0,1
539,804.63,1065.3104,1243.856,1771.3864,1882.7428,1.050976,0.250178,0.439625,1.17956,0.196664,0.38802,1.349731,0.233111,0.337807,1.524623,0.295667,0.280316,1.264269,0.342947,0.359388,0.021381,0.136893,624.742814,8.5988,17.643698,-33.860534,12.085205,-108.546896,-8.771139,0.912112,-15.048899,1.860765,166.197579,644.374578,-121.412179,-188.295313,-71.375504,-5.050676,2,2,3.346543,0.847176,0.011598,0.002223,0,5
912,762.32413,912.555822,937.635454,1770.464586,1580.429372,1.45768,0.120916,0.302862,1.58933,0.105548,0.260603,1.698845,0.125106,0.230991,1.939328,0.158961,0.161986,1.510904,0.200223,0.270968,-0.035205,0.310825,506.893904,-18.186555,16.965762,-17.019919,24.845642,-55.241687,2.452937,6.809003,-1.781184,19.051014,69.133336,634.892272,44.752767,-90.619755,-127.903869,-92.587869,35,3,89.83172,2.853476,1.60286,2.28194,0.140962,1
187,943.1072,1149.6972,1261.5724,1826.2412,1848.9744,1.502627,0.229489,0.272583,1.624553,0.247386,0.235931,1.717567,0.243237,0.209027,1.797796,0.306847,0.192119,1.42305,0.274051,0.303062,0.036011,0.180831,382.527099,-10.985382,-6.978863,-5.219322,15.71041,-30.75213,7.426877,2.087904,-9.782261,9.85923,57.47366,440.881487,-48.230187,-75.318584,-17.879937,5.15018,1,1,12.106258,1.528935,0.345732,0.986097,0.075229,1
146,953.158063,1123.22529,1244.884754,1553.57383,1603.304122,1.547515,0.240185,0.258064,1.650401,0.24241,0.226061,1.70728,0.281182,0.213028,1.774813,0.296546,0.19552,1.329953,0.246808,0.321724,0.043539,0.102543,271.943029,-0.543653,3.077927,-4.763653,5.507502,-31.406693,-5.34901,3.165006,-5.852927,4.900479,25.333503,307.751464,-41.37521,-44.18357,-12.633692,-12.156382,2,2,3.997309,1.210689,0.036999,0.061563,0.108487,1
1335,686.3888,841.5428,855.0684,2028.4684,1508.226,1.342042,0.231288,0.354005,1.548735,0.16395,0.270775,1.641667,0.209396,0.249156,1.983733,0.220828,0.149205,1.257521,0.26376,0.358489,-0.113988,0.402283,541.585206,-9.418436,9.172212,-8.202871,20.749379,-57.409064,5.032657,10.88885,-6.267875,21.071614,12.699815,573.397975,31.692729,-55.328413,-70.708513,-100.812285,20,3,84.985367,8.618202,0.71077,8.437132,0,1
1207,1013.8972,1193.3496,1298.878,1788.0452,1809.1988,1.879878,-0.227328,0.180237,1.956957,-0.240362,0.157807,2.027884,-0.242221,0.141827,2.087019,-0.216183,0.129956,1.514615,0.118768,0.26876,0.029243,0.170767,244.944336,-12.963961,5.52861,-8.877937,11.772622,-24.67608,5.299336,7.189631,-4.840253,6.99018,57.210493,273.325161,12.560839,-55.273712,-33.397601,3.251985,30,3,68.189959,5.772722,2.775469,10.802533,0,1
552,543.518593,773.668533,801.287885,2212.145942,1963.241503,0.817243,0.471417,0.587197,1.091181,0.262086,0.450126,1.288003,0.257027,0.379804,1.742353,0.102672,0.207339,1.028474,0.360832,0.449326,-0.052866,0.480874,214.671635,-3.639791,4.12331,-4.940458,1.122857,-25.231631,5.755843,4.320005,1.521337,6.664699,10.913775,207.261169,-28.838076,-27.501153,-10.60488,-20.732831,7,1,35.510767,0.432875,0.569926,1.997198,0,5
893,698.6144,817.1592,828.5808,2158.9384,1676.7292,1.287325,0.280574,0.376375,1.335967,0.280139,0.355832,1.454352,0.319503,0.326617,1.904376,0.177747,0.169314,1.288329,0.285599,0.355556,-0.09958,0.437678,159.565331,-17.107819,6.154835,-3.623828,6.052647,-13.624809,-5.884911,6.515202,-2.07141,1.392833,-1.50109,159.484505,-15.991509,-7.816381,-21.87778,-30.610956,26,5,83.70612,10.566001,0,27.842294,0,4
326,260.6332,396.214,285.384,903.246,492.4176,0.59579,0.377732,0.65757,0.145452,0.8623,0.913442,0.222611,0.820295,0.865106,0.671083,0.672603,0.66964,0.523176,0.76326,0.733067,-0.347274,0.159779,55.178094,1.475926,1.40346,2.112239,-1.96223,-7.350242,-2.72449,2.894797,-2.020682,-2.548939,-0.271366,65.447599,-16.827503,-6.490122,3.32629,-3.503086,1,1,0,0,0.795447,0.312811,0.010094,5
1174,809.2804,919.1432,946.7544,1591.1324,1425.2588,1.499561,0.232831,0.276099,1.562214,0.301298,0.260741,1.670427,0.305483,0.228148,1.831473,0.331318,0.184573,1.518369,0.25065,0.269975,-0.023526,0.256852,401.432107,-4.910678,-1.857055,-10.260805,17.404178,-56.577397,-18.006497,3.103176,0.131835,10.296743,14.677997,499.85055,-32.58469,-60.866315,-90.108519,-94.159354,23,3,57.188261,7.209192,0.07001,8.139535,0.526087,1
978,724.1884,881.2984,854.242,1987.2624,1528.9608,1.480729,0.125733,0.279299,1.584739,0.071974,0.246943,1.690101,0.12544,0.217235,1.982802,0.200527,0.14878,1.112697,0.292265,0.409225,-0.110971,0.40007,484.836999,-7.769455,10.632154,-10.388947,13.825411,-46.448428,10.897585,8.507127,-5.354015,16.779423,54.560706,520.080432,-27.850921,-81.347876,-39.055073,-45.096034,46,2,128.437227,4.827685,1.02896,2.3942,0.287395,1
595,918.572171,1089.62575,1163.969212,1751.336265,1620.171132,1.580966,0.284721,0.253671,1.675237,0.316117,0.229247,1.765459,0.323718,0.205483,1.891275,0.383417,0.175441,1.524902,0.274581,0.266535,-0.003903,0.201721,363.392324,21.285097,-0.550975,-13.787016,11.961775,-33.232841,17.206165,6.384309,-13.99297,9.340373,45.051702,428.279629,-1.507302,-65.051769,-37.736536,-36.11095,30,5,77.183531,5.979607,0,4.696457,0.017176,1
1868,972.753902,1141.316527,1234.081633,1727.873149,1789.214086,1.654278,0.242956,0.230774,1.728319,0.253799,0.215844,1.811855,0.270271,0.194562,1.878497,0.261349,0.178121,1.526386,0.247472,0.269219,0.055299,0.166037,606.197217,-11.23512,11.466397,-18.901858,26.278384,-48.068581,15.37432,11.978533,-0.724966,26.115257,69.425082,670.509426,-1.59148,-87.462545,-74.509967,-60.539155,28,4,59.320734,12.462578,0.582044,4.956269,0,1
762,417.1792,610.1468,530.4868,2293.6208,1518.0712,0.462355,0.612533,0.737531,0.878961,0.304891,0.509551,0.895735,0.4152,0.518163,1.743345,-0.002868,0.202726,1.135426,0.34583,0.408632,-0.201997,0.623101,700.435016,-1.391521,-1.87661,-1.939984,20.061128,-146.279361,-23.27352,3.918948,-2.267868,-4.82065,200.846574,743.145685,-108.146467,-205.597745,-40.863766,-44.415273,2,1,28.765832,0.815732,0.005444,0.722815,1.864537,5
1753,1166.338665,1173.163135,1301.914434,1657.09956,1947.812875,1.403022,0.214029,0.300063,1.398585,0.16107,0.299944,1.472366,0.179199,0.276773,1.575212,0.234823,0.250719,1.353493,0.337235,0.320153,0.075961,0.120141,504.170983,7.843825,-14.848184,6.851658,6.934369,-91.062913,-9.698533,-9.086871,-29.036258,15.133631,113.439842,547.76608,-55.659609,-147.765655,70.815336,26.700832,1,1,7.999259,3.145192,0.035197,0,0,3
1033,1299.072829,1293.041617,1288.502601,2088.969188,2128.721489,1.645716,0.219176,0.240239,1.61291,0.176334,0.24928,1.675591,0.211732,0.231752,1.81955,0.171516,0.194908,1.464933,0.292794,0.298188,0.003206,0.258712,570.093957,-12.420575,12.625581,-14.277976,18.255364,-30.829905,10.196293,16.403433,-2.114168,23.296156,56.119553,514.545798,10.24474,-73.501934,-53.154064,-39.148934,8,6,68.444299,4.135871,2.077485,2.668619,0.858112,3
1039,773.919168,890.896359,913.991997,1642.773109,1438.171269,1.567233,-0.006952,0.235368,1.652201,-0.002523,0.215538,1.724322,0.015966,0.199729,1.953317,0.05047,0.153538,1.109492,0.296856,0.414956,-0.043336,0.281806,318.927118,-1.691232,0.059242,-6.091733,9.788934,-36.109983,-3.128113,6.161765,-3.562128,5.049953,22.498084,352.636242,-33.821009,-47.02573,-31.554667,-36.370487,45,1,82.071179,12.625563,1.367671,13.492034,0.025501,1
663,757.7672,917.7036,956.0488,1638.9112,1542.1416,1.532348,0.260798,0.261817,1.59161,0.262001,0.249788,1.706353,0.281256,0.216267,1.860994,0.336844,0.17999,1.477736,0.251731,0.280316,0.002483,0.260609,850.210093,-10.866623,26.04184,-18.315043,40.430408,-120.936342,25.848404,20.716601,0.428393,41.168881,161.71775,902.863078,12.813389,-170.667353,-114.529062,-103.479463,39,4,56.413923,2.154199,2.122069,1.341824,0,1
657,908.1368,1121.2668,1206.9084,2211.69,2116.562,1.218039,0.355243,0.385096,1.324832,0.301561,0.343664,1.492137,0.333841,0.287546,1.72087,0.140271,0.212988,1.249059,0.329316,0.361768,-0.020664,0.321582,536.088235,-31.3936,44.330182,5.093503,33.917769,-128.772981,-15.184033,8.871787,-7.751146,-4.185999,171.054283,583.228107,-76.224648,-195.347596,-72.985439,-12.789233,1,1,5.830927,4.683478,0,1.691092,0.192231,4
697,1341.713886,1335.7511,1313.827931,2307.979992,2263.97399,1.619641,0.349072,0.248312,1.569883,0.329756,0.264071,1.66158,0.329812,0.235615,1.871296,0.304759,0.176648,1.361428,0.346239,0.34019,-0.007862,0.302081,301.3986,-4.223269,1.819622,-4.960814,6.220072,-47.295538,-1.504655,2.357517,-4.389957,3.686858,66.496565,307.571042,22.276273,-70.558551,-30.643122,-26.361899,2,2,26.654756,2.100583,1.744172,2.602626,0.091118,3
338,536.6772,702.936,672.9116,2085.0244,1888.0632,0.636975,0.610819,0.655575,0.91093,0.390784,0.510578,1.060921,0.378817,0.441551,1.707172,0.212667,0.215723,1.181633,0.329956,0.384178,-0.041723,0.51212,96.800021,-2.200389,2.737239,-2.189768,2.967642,-9.961691,1.297864,1.129765,-2.085836,0.901156,16.832742,84.143225,-5.815223,-13.315123,0.573656,-3.686853,1,1,0.386323,0.200351,0.174035,0.137244,0,5
398,803.185126,950.912435,965.411435,1923.638545,1968.922431,1.221069,0.4031,0.43201,1.331369,0.311363,0.377474,1.465473,0.284027,0.320065,1.759948,0.199579,0.207181,1.24066,0.328621,0.385638,0.022816,0.345683,172.68021,-2.952155,1.310815,-6.124866,5.720263,-22.463282,-1.093568,3.272685,-1.376474,-0.364433,24.407659,162.439724,-5.313763,-27.742211,1.242803,-10.065185,3,2,1.638099,0.873381,1.109913,0.117918,0,3
484,953.3332,1167.1168,1267.8468,2073.5032,2049.3604,1.247997,0.311583,0.391644,1.321261,0.267087,0.363348,1.496901,0.227925,0.289877,1.693622,0.168476,0.217037,1.2531,0.323549,0.356198,0.003933,0.259992,773.196197,-10.333276,8.204269,-22.488574,30.641421,-156.837022,20.064197,-4.162057,-3.604277,26.628993,202.943902,826.890839,-107.126582,-211.060304,-38.519246,-37.989897,3,2,2.928062,6.683696,0.193723,0.000516,0,5
1976,928.4012,1054.5708,1130.1548,1738.0156,1632.6984,1.605642,0.241199,0.242914,1.655871,0.240982,0.227832,1.774367,0.249509,0.195338,1.928434,0.313297,0.162558,1.214295,0.306056,0.373136,-0.013847,0.208273,841.089081,-25.153349,-3.298969,-19.25868,25.549049,-81.307901,18.022528,15.856742,-10.562647,23.794505,106.548287,896.975723,-51.41501,-134.396523,-82.360194,-55.337154,45,5,71.662772,6.249376,0.444742,8.743903,0,1
1145,1792.861945,1988.901561,2097.184074,2433.455382,2379.472189,1.670713,0.127012,0.240496,1.694437,0.141612,0.241721,1.766309,0.186432,0.217939,1.853892,0.073712,0.189098,1.504372,0.308039,0.292883,0.000287,0.102655,315.023413,-3.164526,6.004218,-17.355876,14.481553,-46.834557,15.064878,-5.915929,-0.671571,16.266219,117.207842,282.181329,-28.217446,-97.99857,-16.618711,9.456267,1,1,5.852742,0.445937,1.618351,0.935877,0.583239,3
376,747.0412,897.7164,961.8132,2025.8932,1686.4456,1.589654,0.070763,0.243378,1.662223,0.090637,0.221521,1.728602,0.10251,0.20884,1.989154,0.027657,0.146963,1.372556,0.284765,0.315664,-0.079529,0.376802,113.593492,-2.154847,1.812022,-0.982956,2.40574,-15.573154,2.201358,0.927291,0.05932,3.006331,9.551282,131.049743,-13.002419,-20.50662,-5.43616,-11.356882,10,2,73.617572,3.680967,0,6.908633,0,1
1928,1096.1732,1026.2952,1041.082,1879.334,2231.8508,1.399028,0.317801,0.330815,1.340857,0.267577,0.333323,1.420873,0.284843,0.303743,1.769724,0.245785,0.205225,1.545656,0.300888,0.263773,0.082885,0.27653,324.486154,-4.501412,5.964592,-7.189659,10.792677,-32.798507,6.745374,3.938398,0.684469,11.846217,66.30891,348.169702,-36.567888,-69.811953,1.410818,-6.60769,2,1,0.6448,0.438553,0.183079,0.296263,0,3
2039,562.3352,757.3968,770.5736,2253.0688,1946.362,0.587758,0.659706,0.698212,0.649004,0.616846,0.661491,0.804607,0.524945,0.588919,1.540469,0.249685,0.2656,0.898088,0.445878,0.517501,-0.067821,0.494764,241.339471,-1.771095,3.482544,-2.943833,4.241009,-30.665797,-1.535014,1.157536,-1.139826,3.771702,40.551028,274.241736,-27.266309,-54.710813,-24.131995,-5.637106,4,1,4.238982,0.002196,0.000995,0.112576,0,4
941,742.054778,894.255098,1109.30108,1941.934026,1751.411835,1.489891,0.081107,0.263189,1.561123,0.077384,0.250137,1.748931,0.080172,0.202887,1.911598,0.119735,0.167977,1.344087,0.19319,0.319976,-0.026997,0.282401,547.824791,-8.405033,5.01756,-11.849969,18.578425,-50.866815,9.964515,10.39801,1.603451,18.608427,22.600104,631.941809,-11.492361,-64.205359,-109.650695,-90.56129,51,4,91.692254,16.73516,0.456634,10.154573,0,1
909,804.2464,1018.8636,1016.3288,2317.5884,1871.464,0.956591,0.501498,0.515052,1.305624,0.241511,0.343773,1.369349,0.347021,0.33041,1.800643,0.143067,0.191269,1.377631,0.279119,0.309679,-0.098902,0.413196,198.979219,-5.066974,5.910033,-1.727142,8.62096,-23.559134,-0.131151,3.759203,0.259621,4.769413,23.000743,239.111149,-8.335735,-40.21847,-40.389949,-34.19926,1,1,5.680104,0.882626,0.114055,0,0.791911,5
656,579.294,746.7208,684.5716,1820.0284,1437.2456,0.763735,0.557161,0.610874,0.962683,0.418219,0.507328,1.021315,0.472349,0.48644,1.611861,0.315304,0.278904,1.189699,0.416252,0.40079,-0.076788,0.340631,749.912404,-11.574976,15.547876,-29.314978,24.784422,-160.727425,-14.377262,4.202605,-9.753594,4.3853,175.887128,776.214881,-128.541649,-197.781708,-92.503857,-46.106699,1,1,1.364373,2.610138,0,2.606751,0.7977,5
1395,747.9504,935.1304,973.6184,2111.2508,1964.1924,1.241259,0.238398,0.387714,1.354346,0.169093,0.332079,1.460614,0.179651,0.295575,1.645375,0.072451,0.225857,1.012629,0.3836,0.455309,-0.031296,0.38218,207.110987,-4.525078,-0.300636,-8.706631,10.271015,-15.618105,0.635806,2.19818,2.350149,9.728536,35.933739,242.785435,-36.626437,-38.945205,-12.463661,-4.784452,1,1,0,0.000106,1.119017,0.357072,0,1
1123,989.969212,1127.312675,1144.772091,1917.858057,1827.67413,1.502576,0.287951,0.276477,1.532596,0.264074,0.269527,1.637064,0.282888,0.235891,1.775238,0.294674,0.200942,1.275211,0.348481,0.363425,-0.014988,0.251144,161.016368,-0.069445,0.431198,-2.017126,5.154788,-22.181654,2.905579,2.955515,0.017174,5.975734,30.312306,171.029475,-31.260313,-35.299501,1.474631,-7.116334,3,2,10.734441,0,0,0.757409,0,3
1199,1489.3624,1577.2868,1624.938,2055.6068,2098.0736,1.629845,0.180059,0.232642,1.644505,0.194688,0.227921,1.690329,0.22545,0.217472,1.740632,0.175817,0.20396,1.402888,0.318491,0.309264,0.008365,0.132504,136.500434,1.793514,6.267805,-8.631186,6.338311,-19.526749,8.982497,-7.102411,0.441447,10.736273,30.429158,131.687333,-25.806213,-33.361489,-5.920683,5.97155,1,1,0.548153,0.108849,2.968785,1.097613,0,3
969,756.459016,916.0008,920.866054,1831.223111,1519.427029,1.490675,0.141419,0.285145,1.595427,0.143322,0.257156,1.704901,0.142886,0.223126,1.938109,0.245831,0.164887,1.365393,0.24204,0.318307,-0.057635,0.318305,571.169432,-10.221598,15.425026,-14.80778,20.045411,-50.516159,11.399568,9.412402,-3.439565,23.691197,91.765388,677.276938,-27.250676,-115.374076,-48.788326,-40.314476,34,2,61.651011,0.414147,4.77719,0.212395,0,1
1872,861.4008,1028.9296,1081.4544,1994.9884,1723.5036,1.348513,0.315511,0.351763,1.518022,0.214576,0.27762,1.643449,0.293593,0.255753,1.91042,0.166764,0.171467,1.334933,0.266131,0.330489,-0.049877,0.291668,222.026975,1.44661,6.447224,-19.945985,-5.016041,-25.499285,1.485001,-12.18426,-4.778766,4.774328,50.955585,217.346067,-35.804094,-52.392953,1.24809,-6.044948,20,3,12.489331,1.372497,0.194253,15.688789,0,4
897,958.257097,1151.635346,1173.535386,2152.339464,1853.694122,1.53216,0.234383,0.282766,1.62877,0.204806,0.247777,1.742606,0.227467,0.212651,1.872817,0.182646,0.174878,1.387656,0.297774,0.314546,-0.061994,0.311452,138.097655,-5.169164,-2.110303,2.505946,8.015159,-16.708524,-7.049997,7.458224,1.706496,0.818245,21.289993,158.339636,-11.085681,-25.928585,-9.403951,-12.036098,2,1,52.917853,0.370792,0,3.623351,0,4
1402,1015.9676,1197.0952,1390.2356,1976.0848,2095.6164,1.828389,-0.05592,0.190123,1.880924,-0.05921,0.177491,1.977327,-0.054312,0.157847,2.007983,-0.030417,0.150074,1.575543,0.105138,0.256425,0.051658,0.190192,593.084084,-12.271154,16.267589,-17.330649,18.966731,-55.348889,-3.700295,11.649213,-8.681841,21.957675,43.578879,657.703411,51.258214,-83.931468,-89.131082,-75.905108,49,3,80.546467,1.494971,2.144456,4.374428,0.059833,1
1055,1473.752099,1621.930828,1665.097961,2685.484606,2457.655738,1.296982,0.427321,0.372646,1.35007,0.356288,0.346,1.407197,0.365076,0.331013,1.67496,0.335516,0.232662,1.229778,0.387374,0.386379,-0.031613,0.282294,559.772702,-6.272213,-35.214043,-11.974723,32.342916,-70.825621,-38.613155,-13.605604,23.173315,16.770892,92.001301,729.964116,-292.981922,-60.724787,-18.868425,-62.967341,16,3,35.810816,4.231332,2.197369,17.756435,0.201404,4
426,864.046419,1044.570228,1076.711885,1974.078031,1815.516206,1.327182,0.319969,0.34189,1.353597,0.312227,0.337987,1.50671,0.263288,0.276145,1.721612,0.198139,0.215706,1.119714,0.387732,0.417268,-0.028504,0.301407,302.493972,-6.473222,6.072935,-6.612997,16.339655,-58.96033,9.968845,0.638674,2.166367,13.195819,65.649513,336.461768,-91.298601,-88.823694,-38.653574,-29.074736,7,2,6.225426,7.459993,1.22592,0.000001,0,2
1215,933.046819,1054.534614,1159.82553,1775.819928,1695.028812,1.650712,0.029839,0.226278,1.709081,0.055827,0.208948,1.842403,0.051118,0.179445,1.971797,0.076368,0.151394,1.339945,0.224447,0.318473,-0.000734,0.218766,451.855896,-13.010446,13.47465,-16.984879,24.919366,-63.468885,8.828711,12.710085,-2.430477,26.291411,59.787187,528.29741,49.153889,-94.924828,-90.82405,-65.36405,35,5,88.803209,12.702807,0.000625,10.126953,0.689817,1
1086,908.982,1090.1052,1141.788,1864.756,1807.302,1.07207,0.183991,0.437788,1.210064,0.14999,0.373274,1.298082,0.160631,0.351131,1.45655,0.077686,0.292425,0.897118,0.443664,0.515961,-0.003552,0.257094,276.893661,-11.359222,4.026776,-10.719584,18.603323,-40.50319,7.830107,6.003268,-1.165012,14.292418,82.469204,310.830552,-15.737989,-85.871135,-32.872206,-10.862412,6,3,18.466745,2.490163,1.472595,2.53631,0.136095,3
1270,1508.467787,1712.785514,1880.980392,2389.003601,2228.079232,1.467431,0.181976,0.306863,1.545273,0.155814,0.276254,1.648589,0.161912,0.241346,1.810831,0.096167,0.192951,1.408746,0.324832,0.320933,-0.000983,0.16314,442.751861,-10.647716,9.093779,-9.362393,18.824004,-57.591863,7.755748,9.46111,5.525436,11.789675,66.157793,481.677376,-41.718732,-89.122668,-43.221569,-45.074303,2,2,25.224658,3.925984,0.771619,0.996293,0.478825,3
1548,870.620496,998.456765,1052.596077,1568.753403,1479.199359,1.518013,0.234785,0.271971,1.608661,0.259959,0.24635,1.703394,0.26152,0.219306,1.856244,0.277139,0.182526,1.322827,0.290599,0.332078,-0.003888,0.194192,1245.650344,-12.526018,10.630382,-30.173322,34.193929,-151.416575,16.571307,27.5471,-16.083719,29.181676,121.519976,1216.949784,-99.751097,-196.392333,-123.691622,-139.561978,37,4,71.667419,18.470194,2.299362,11.091746,0.681704,1
498,337.596238,483.9996,380.480992,1596.181673,956.139656,0.647064,0.507506,0.649074,0.523514,0.660299,0.717161,0.629578,0.598034,0.665496,1.368677,0.403004,0.371581,0.862227,0.544031,0.546051,-0.244269,0.454077,56.178969,0.42508,6.812874,5.538734,0.572015,-1.782411,-1.633764,1.317221,-1.585085,1.844896,3.039564,84.039477,-59.683807,-2.112802,-9.928182,-7.727275,2,1,3.887653,0.012035,0,0.408438,2.166413,5
1931,880.1196,989.8104,1043.6248,1755.964,1670.1484,1.532245,0.143052,0.259012,1.59057,0.127153,0.236919,1.703174,0.142137,0.208642,1.845858,0.151716,0.175644,1.129124,0.335681,0.416109,-0.005129,0.25296,768.762596,1.072194,9.848281,-19.993507,12.402805,-76.985287,7.247298,16.246711,-1.063894,9.443097,34.503762,854.313754,48.432414,-86.13574,-56.852677,-83.247198,49,5,66.994771,4.439969,3.021332,4.225297,0.006547,1
439,225.488,300.868,208.6752,425.9732,188.8564,0.06184,0.952411,0.962202,0.170655,0.827791,0.898854,0.072456,0.951823,0.955951,0.328221,0.899747,0.837857,0.227514,0.895377,0.880286,-0.36627,0.010661,57.993707,-0.404403,5.661644,4.097026,1.44098,-2.763114,-1.480918,0.550119,-1.998159,2.163959,3.833351,82.716334,-52.379879,-3.94946,-8.140304,-7.396625,1,1,0.000019,0,0,0.006797,0.826031,5
364,912.198,1027.3928,1109.2884,1586.5608,1807.8368,1.505169,0.303678,0.277788,1.570666,0.314385,0.2568,1.680472,0.323025,0.228425,1.743006,0.349476,0.215714,1.553715,0.314174,0.26642,0.088225,0.179577,712.955646,-12.748262,14.095839,-14.715195,15.148015,-129.583856,6.902056,1.099662,0.268602,16.792123,105.729261,790.009946,-47.150495,-142.069903,-83.348895,-67.726367,1,1,6.009278,0.289201,1.652363,0.001348,0,5
1475,870.1412,972.1352,1041.752,1478.666,1438.75,1.50725,0.113375,0.261689,1.55372,0.117886,0.254637,1.65934,0.135193,0.223546,1.793975,0.16716,0.192731,1.230902,0.289584,0.369017,0.014863,0.167356,602.631576,-12.948819,17.549835,-21.204315,24.299064,-67.339033,10.415132,12.151583,-5.532978,23.907072,51.984582,670.582972,-21.292159,-93.854862,-84.930595,-97.537111,67,5,101.221631,30.766746,2.518576,15.586813,0,1
231,883.8408,1044.0488,1091.2072,1859.414,1709.1968,1.526101,0.214878,0.273393,1.5386,0.246971,0.274449,1.636511,0.282936,0.24643,1.846254,0.321709,0.18804,1.423207,0.300426,0.298114,-0.013766,0.25923,249.875584,-5.475643,-1.225233,-3.442294,4.342433,-42.224461,1.409471,3.490736,-0.512739,1.63624,22.79185,267.12544,-26.849424,-37.807514,-14.780193,-26.59762,2,2,20.18481,0,0,1.255588,0,4
1733,816.6308,954.778,983.846,1951.6132,1601.1616,1.393022,0.216429,0.347299,1.538831,0.163268,0.283704,1.640335,0.167256,0.254993,1.989793,0.070597,0.148602,1.274823,0.24236,0.345472,-0.075117,0.329976,1005.919437,-20.304591,13.742933,-17.103138,23.403978,-136.170646,22.420656,20.534803,-0.501232,23.969871,135.342547,903.338294,-102.681974,-152.314227,-57.701257,-61.996948,12,3,92.414565,17.662929,13.305298,9.691957,0.298425,1
1456,909.07483,997.02601,1025.541817,1788.280912,1547.961184,1.509041,0.16801,0.276787,1.569311,0.105672,0.253983,1.667355,0.159793,0.234301,1.92592,0.112803,0.162905,1.343368,0.258116,0.326704,-0.05834,0.272127,602.475891,-4.302596,11.20007,-14.953872,19.264165,-70.412407,13.60662,7.192683,-11.647373,15.385855,69.48733,599.182129,-41.799629,-88.061414,-51.264215,-56.497648,9,3,66.964762,6.902681,2.422601,9.056247,1.49617,4
1870,1708.611044,1457.045218,1407.192077,2356.327331,3019.107243,1.791134,0.131769,0.194394,1.648473,0.123006,0.230932,1.658045,0.142149,0.225043,1.875308,0.066653,0.173289,1.614767,0.256274,0.240842,0.117868,0.259228,309.383263,-4.602236,2.587959,-6.263089,9.625963,-50.180257,8.849149,8.715037,-1.068922,10.55483,53.031965,343.360475,-91.014314,-73.377875,-11.24102,-12.305866,2,1,19.871351,6.458774,1.010126,4.290969,0,2
652,874.4352,1066.8448,1078.2188,2050.7896,1801.5676,1.185244,0.294303,0.3952,1.234645,0.24118,0.375674,1.402749,0.258624,0.31361,1.71256,0.109257,0.212415,1.065688,0.393507,0.439289,-0.059899,0.343623,665.191342,-13.778098,16.019725,-13.316276,15.775864,-102.139457,-24.842703,-7.587655,0.549507,-6.354507,132.33299,779.577628,-42.006643,-187.656445,-42.644748,-44.084436,1,1,98.336185,2.812921,0,4.41111,0.2766,4
894,748.9616,914.7048,939.6008,1812.6476,1592.3336,1.377141,0.221472,0.328079,1.489197,0.181033,0.292198,1.648475,0.198206,0.239625,1.924568,0.202452,0.165778,1.486648,0.236851,0.279496,-0.046744,0.319613,237.467628,-11.424002,-1.023359,-7.85312,14.072507,-27.423127,6.846809,4.425622,-4.160469,8.41988,31.12765,260.133484,-38.185589,-41.283567,-31.953095,-23.604664,18,3,42.610648,5.993845,0,25.015434,0,4
1605,1060.9432,1186.8236,1282.3368,1590.4176,1684.2444,1.821798,-0.123532,0.187477,1.889062,-0.137907,0.173264,1.926218,-0.131275,0.164286,2.033608,-0.099814,0.141195,1.365337,0.209268,0.317393,0.049543,0.107608,891.194666,-10.702441,5.576044,-25.832395,24.560949,-98.101745,17.903997,19.557308,-4.469169,24.508155,47.247157,947.545928,-110.808528,-115.080683,-115.186588,-117.377093,53,5,79.583166,45.511205,1.556601,30.415317,0.658374,1
461,885.514606,1069.932773,1083.559824,2005.140856,1753.297719,1.433716,0.296646,0.309304,1.523859,0.295298,0.276115,1.634503,0.31369,0.243737,1.772924,0.36167,0.203266,1.26982,0.335273,0.364674,-0.038517,0.285861,308.658571,11.29249,-8.397533,6.791232,-1.254343,-41.542974,15.303797,-1.679762,1.462403,5.171092,51.455789,338.628025,-25.288403,-69.229146,-4.228815,-13.761509,2,2,20.635707,0.008685,0.875083,0.965774,0.834864,5
1049,467.859544,629.466987,527.173669,1533.383754,1015.742697,0.673105,0.617148,0.64775,0.926085,0.459102,0.524501,0.902344,0.571035,0.553797,1.657933,0.430684,0.273527,1.308476,0.409852,0.366631,-0.147718,0.343925,370.121939,-8.996633,2.417689,-8.286627,12.86783,-53.520145,4.499515,5.281335,2.357901,6.928999,35.523527,390.129748,-33.314266,-56.829539,-45.405244,-59.447933,2,2,43.541222,5.23154,1.4461,10.88886,0.708473,5
736,462.9928,656.6876,665.974,2088.9316,1657.8952,1.177394,0.145492,0.402104,1.300035,0.116392,0.356573,1.447703,0.128479,0.318578,1.858009,0.068562,0.176267,1.23064,0.257456,0.368978,-0.10561,0.525155,90.190645,0.337143,3.760341,0.317702,1.1828,-8.984942,-1.520053,1.266834,-3.061229,1.985425,3.546107,119.891516,-27.154339,-14.75715,1.887925,-19.325324,20,1,49.565797,0,0,0.120038,0,1
556,636.4888,824.55,846.1508,2009.5464,1638.0736,1.423441,0.013733,0.29756,1.540905,-0.003608,0.259062,1.688887,0.027365,0.21923,1.920735,-0.016557,0.162953,1.153038,0.312302,0.400741,-0.091909,0.414798,214.170761,-0.801594,12.626975,-14.856024,5.729739,-9.284885,-10.130682,9.533717,8.993531,0.251012,30.905504,258.478157,-44.508846,-45.33032,-16.728841,-12.659224,40,1,119.187919,1.422778,0,3.220423,0.09493,1
269,269.952019,382.72531,293.421032,420.182727,194.646941,0.766524,0.239329,0.564638,0.124929,0.917074,0.929875,0.199562,0.834786,0.888499,0.380008,0.859693,0.817396,0.234798,0.882757,0.875487,-0.39213,-0.089557,58.450539,1.510706,1.296742,2.127098,-2.263745,-7.040739,-2.636858,3.168605,-2.293002,-2.729669,-0.064047,66.7604,-18.709175,-5.121499,1.814588,-4.947389,1,1,0,0,1.289655,0.902988,0.404625,5
2011,847.6552,996.198,1024.3136,2023.986,1735.6536,1.337162,0.264492,0.335941,1.465957,0.160584,0.27918,1.557584,0.223144,0.256,1.831805,0.189703,0.182904,1.183709,0.328332,0.374677,-0.060972,0.329746,269.746325,-3.138308,3.290606,-7.422667,7.617873,-16.681855,0.085036,4.779084,1.594337,9.762937,10.968377,292.13542,62.133139,-28.802904,-21.149478,-25.817994,7,1,66.828263,2.126212,1.327867,3.576715,0.000001,3
1062,1005.2332,1100.3212,1145.5776,2076.778,2116.312,1.411685,0.312483,0.311299,1.492168,0.270301,0.280662,1.610105,0.329019,0.247872,1.76411,0.238094,0.203111,1.315091,0.302853,0.341393,0.005401,0.305049,362.610224,-9.666362,-10.415216,7.963064,11.219107,-58.780381,-16.668803,18.051499,10.338295,-8.068706,43.185841,387.132325,-25.664914,-65.048034,-14.918358,-21.745474,2,1,32.382389,0.28509,0,2.028184,0,3
1365,806.9676,937.3048,965.1428,1831.046,1490.0512,1.512548,0.138302,0.268879,1.636186,0.096625,0.232296,1.769499,0.150567,0.194943,1.956629,0.102937,0.154153,1.272835,0.265515,0.347941,-0.082449,0.309747,894.59849,-2.909934,15.728927,-24.958126,19.119521,-156.505702,14.442397,1.765734,-7.027836,18.671975,157.066449,819.230729,-142.080229,-169.683562,-90.470143,-68.613029,44,5,78.528804,13.407335,1.501221,7.057717,0.008476,1
854,947.0028,1141.5716,1261.5024,1886.8708,1823.2344,1.081141,0.230589,0.424593,1.172702,0.181049,0.381857,1.327211,0.240098,0.326311,1.419104,0.22647,0.311921,1.001542,0.39017,0.460049,-0.012324,0.211854,282.288613,-4.76115,0.488362,-3.093166,7.843232,-31.621499,2.12455,1.895197,1.397403,6.931744,41.97992,325.743999,-9.276583,-49.949175,-44.487394,-40.978441,1,1,2.547494,0.056502,0.136886,0,0.313778,3
816,925.6744,1028.5636,1052.0408,1816.546,1657.064,1.457524,0.160626,0.299793,1.579536,0.06274,0.250736,1.653979,0.129606,0.238242,1.932154,0.140082,0.160652,1.326009,0.312056,0.340247,-0.032309,0.26495,172.499561,1.302815,-0.199574,-1.974446,5.629984,-37.261881,1.523487,0.60993,-0.807865,1.261014,50.181346,167.773323,-41.501607,-50.533119,9.07883,-6.052634,2,1,7.235922,7.447922,0.632256,11.663824,0.881865,3
1282,758.057223,897.365346,917.138055,2020.694678,1562.939176,1.372297,0.238964,0.330903,1.565392,0.136258,0.250772,1.605228,0.258191,0.259516,1.996859,0.143822,0.146543,1.3582,0.259514,0.321684,-0.105583,0.383552,283.573245,-2.890224,3.411057,-6.279008,8.256274,-32.549858,1.556708,4.716986,-0.7427,7.672646,24.36074,288.088833,-40.525285,-46.412089,-18.047807,-29.814452,17,4,67.236039,23.27844,1.515665,28.1031,0.454354,4
1096,818.1124,941.6,1056.1748,1625.4012,1488.64,1.558005,0.105211,0.246044,1.636537,0.122488,0.223743,1.744198,0.149096,0.202143,1.90012,0.126398,0.165057,1.39607,0.230109,0.307002,-0.011818,0.218472,724.486866,-9.81869,10.708884,-13.745436,22.903548,-93.98659,0.289917,12.420833,-2.677979,19.363029,53.259379,749.186964,-6.406845,-109.046687,-78.302343,-99.228011,21,4,70.142458,4.641344,0.297894,9.306163,0,1
814,719.5204,867.466,858.0252,1948.0752,1514.9544,1.248547,0.333408,0.386874,1.445225,0.214462,0.300553,1.515189,0.295405,0.294044,1.894657,0.293491,0.174469,1.277694,0.308162,0.357007,-0.102129,0.378608,162.762966,0.273555,2.841188,-3.679646,3.216232,-22.921134,0.375076,4.206306,0.325575,2.33574,22.098871,161.533078,-28.351855,-28.904998,-6.497937,-15.838607,15,5,29.727168,7.654034,0.698917,10.276224,0.792756,4
1043,983.3804,1090.99,1120.2172,1928.3008,1726.9708,1.495358,0.244838,0.280849,1.575678,0.232338,0.255852,1.666378,0.263543,0.227891,1.854581,0.207871,0.184119,1.447407,0.272908,0.287891,-0.045597,0.277761,462.094866,-13.314279,2.735064,-11.234241,22.435088,-78.77852,2.099795,7.906431,-2.699302,10.525876,89.751834,470.146625,-70.737341,-114.849906,-39.657266,-38.2143,3,2,54.794538,24.315562,1.682148,27.771214,0.02292,4
701,1120.310124,1221.198079,1250.748299,2147.406563,2014.977991,1.564003,0.224179,0.262688,1.617455,0.18624,0.237967,1.693402,0.227368,0.218571,1.800229,0.179884,0.193791,1.438797,0.283478,0.294493,-0.025767,0.276879,731.42668,-12.254713,6.706498,-16.604762,25.634949,-107.615261,8.785702,15.6191,3.200748,16.824859,182.539297,730.090964,-92.780238,-199.780939,-18.824887,-16.432599,5,4,20.723994,8.193564,0.08414,4.214055,0.248485,3
453,705.404323,855.684948,872.98759,2081.098479,1985.886309,0.994517,0.359672,0.507754,1.263518,0.190631,0.369085,1.344363,0.22376,0.34645,1.704762,0.092876,0.218773,1.163745,0.345748,0.40637,-0.023463,0.430812,170.878108,-5.811287,4.290136,-5.698045,8.352333,-16.175533,3.464972,3.23834,0.190055,7.807989,35.839775,168.563817,-16.824764,-42.620735,-1.218101,1.96368,1,1,0.823344,0,0.439632,0.317314,0,5
651,755.233787,913.226181,898.304644,1877.220576,1520.139311,1.398163,0.098111,0.304471,1.503175,0.078029,0.27204,1.608003,0.098525,0.238561,1.886103,0.117573,0.168332,1.129445,0.307796,0.396001,-0.086861,0.351043,1002.331276,-14.734695,8.300041,-31.435788,37.205743,-84.320051,-1.560453,1.20023,-8.381803,28.812696,150.877006,1197.76032,-12.969481,-242.970922,-87.206108,-64.482363,42,2,119.268362,1.024138,0,2.058402,0.552106,1
1817,1002.751501,1133.760704,1168.138856,1723.79992,1457.945578,1.341674,0.303388,0.343579,1.461869,0.236329,0.290432,1.523398,0.327784,0.280443,1.739404,0.224607,0.215894,1.142782,0.388697,0.421863,-0.065458,0.201635,428.326298,-20.971386,8.831643,-28.510826,12.479967,-40.2702,27.14888,7.195544,-6.890469,10.052701,101.654509,420.798004,-73.922321,-82.629168,10.333602,3.919166,1,1,18.339005,2.270473,4.967117,2.083365,0.762769,3
2010,873.952362,1007.107686,1021.066453,1873.574059,1607.827062,1.346556,0.212728,0.331416,1.435655,0.160137,0.294062,1.523104,0.199792,0.264992,1.817148,0.162646,0.189426,1.26721,0.311604,0.353073,-0.061953,0.303191,434.22403,-9.345049,0.92115,-11.026918,14.751407,-42.705552,11.142169,6.079222,1.514857,11.314774,68.758864,468.186528,-15.107571,-75.091596,-43.120072,-28.6112,16,4,58.883701,6.587296,2.123116,5.524489,0.18569,3
1111,810.090764,952.520992,1007.388645,1589.17593,1435.960416,1.585046,0.193671,0.239593,1.705191,0.205724,0.210252,1.805178,0.236501,0.186469,1.951611,0.247009,0.156446,1.503632,0.205278,0.267839,-0.015564,0.225446,538.002148,-5.551852,11.433214,-8.157856,24.717775,-56.830873,0.547614,6.628994,-4.46354,16.971384,23.809457,648.776152,45.87155,-50.024735,-126.484183,-133.905899,45,4,108.943471,12.704722,27.912341,9.161534,1.343574,1
735,402.4808,599.5352,573.8656,2262.5288,1561.0664,1.025497,0.191615,0.465156,1.078034,0.257206,0.462311,1.22122,0.260703,0.41599,1.77089,0.079644,0.204602,1.263021,0.351862,0.369244,-0.185532,0.60634,89.828777,1.011166,2.975631,-1.289568,0.534614,-10.960801,0.008214,1.733024,-1.429455,2.112658,4.982068,111.097061,-5.311627,-15.470631,-2.757753,-13.900912,59,2,75.603378,0.075864,0,0.644787,0,1
1398,868.779824,1058.167734,1147.2506,1805.728583,1806.154123,1.477036,0.178374,0.291216,1.571652,0.197174,0.25919,1.708299,0.200614,0.219939,1.864579,0.274814,0.179709,1.561661,0.248312,0.256432,0.025062,0.23007,342.937277,-4.768507,9.815767,-9.65842,13.660394,-49.246798,0.318683,3.118093,1.695795,15.015915,89.891321,373.13414,-6.070222,-92.079727,-38.555969,-8.787837,4,2,6.621194,0.010162,0.729774,1.576372,0.004138,1
1256,1233.095562,1370.369852,1461.245102,2010.370252,2208.738105,1.423111,0.229089,0.309876,1.468228,0.25099,0.298078,1.553939,0.250286,0.273644,1.720145,0.155542,0.207863,1.273237,0.361158,0.359594,0.050589,0.18419,367.952495,-10.11069,11.594948,-10.207401,12.175724,-53.113182,7.966162,5.162567,-0.066259,18.956913,91.873342,427.288621,-33.421823,-100.642491,-25.971332,0.484874,1,1,1.520787,0.054858,3.222049,0.799916,0,3
1144,1996.698121,2163.682527,2282.365854,2486.805278,2474.311475,1.758657,0.088957,0.211821,1.772827,0.129392,0.211278,1.826072,0.17525,0.191839,1.896262,0.12368,0.17475,1.486033,0.329917,0.304505,0.017463,0.056657,432.121408,0.09318,10.373381,-20.454275,15.984726,-52.376628,15.743761,-7.791788,2.490831,21.499186,178.389355,379.427067,-86.407382,-142.322486,-4.173683,34.757462,1,1,7.055505,0.485919,1.69593,0.580837,0.595407,3
551,645.52381,828.984394,829.009604,2101.655062,1822.934374,0.864606,0.578452,0.570989,0.991228,0.477007,0.504839,1.186025,0.367358,0.41625,1.677386,0.29007,0.22611,1.013258,0.463761,0.470475,-0.057585,0.428336,75.73607,-4.775167,3.228629,-1.582704,0.722917,-9.279449,5.834987,3.918164,1.202952,3.712266,5.675687,64.850952,-12.543987,-11.810982,-2.155112,-5.306312,6,4,10.479722,1.562277,0.014605,5.787386,0,4
1214,861.9928,1008.1856,1063.4932,1842.8252,1706.2456,1.493238,0.144209,0.278647,1.596142,0.161958,0.247595,1.740697,0.144221,0.205985,1.900893,0.149777,0.1672,1.408043,0.268996,0.306568,-0.015701,0.267846,441.662661,-9.595488,10.324713,-12.152004,19.275597,-52.061259,6.023519,9.45023,1.119239,13.850005,65.462279,497.999723,-3.964683,-86.203702,-39.290168,-36.712968,25,4,70.083561,8.277938,0.080919,3.175767,0.683612,1
1531,766.4632,961.2668,1030.7212,1935.9108,1900.2796,1.18586,0.311829,0.406716,1.271063,0.296135,0.371032,1.390693,0.280894,0.327951,1.703159,0.257443,0.219388,1.252336,0.339467,0.362084,0.007277,0.312751,352.665477,-10.561134,-1.33632,-6.467564,4.014329,-19.892799,-4.801867,-0.23993,9.435283,9.571606,32.254866,405.285462,17.837159,-39.76693,-22.676894,-10.174701,1,1,21.335233,0.478043,0,3.451811,0,1
1545,761.60104,925.678671,932.921168,2081.89916,1675.962785,1.269183,0.313264,0.366344,1.421693,0.207534,0.298811,1.517113,0.291553,0.275108,1.904287,0.191933,0.166936,1.282947,0.294234,0.347512,-0.095034,0.39266,636.107399,-11.956626,24.100612,-18.994807,22.353545,-111.903768,10.13046,21.774796,-21.180995,9.108101,126.040546,576.499123,-113.010522,-144.695107,-63.746805,-43.547802,11,4,41.886664,12.044197,4.944921,12.225531,0.197619,4
1647,1111.1536,1217.348,1303.64,1625.1008,1679.8596,1.712038,0.169458,0.213886,1.76879,0.177335,0.200415,1.827161,0.187172,0.186825,1.952654,0.198682,0.158331,1.557045,0.26427,0.260563,0.041218,0.108591,298.407687,-8.443591,-0.917,-7.675338,6.656953,-45.999235,1.648816,-0.977577,2.917404,9.012559,18.696209,290.583042,-122.56107,-40.323757,-51.315409,-39.590841,187,4,57.324683,180.158463,5.436309,44.717086,0.108797,2
548,857.5472,972.1488,1031.0504,1653.92,1668.086,1.538627,0.289089,0.259911,1.591011,0.315655,0.249294,1.684912,0.329927,0.225235,1.799459,0.394271,0.195822,1.494791,0.332309,0.283121,0.017811,0.24096,624.397848,1.435856,13.754569,-16.248167,3.902979,-94.320352,4.1644,-4.749688,-11.539273,19.817547,34.761556,603.168741,-22.511002,-86.162392,-47.661519,-87.664244,6,2,23.210269,6.676229,0,2.57952,0,1
368,888.9476,1074.428,1172.9004,1814.782,1915.6356,1.484064,0.106353,0.282252,1.57549,0.08336,0.251654,1.699494,0.093416,0.213738,1.746217,0.128049,0.200583,1.289953,0.301982,0.343773,0.041226,0.216826,151.146059,-6.248043,3.116197,-2.983381,3.364095,-25.084466,6.792892,1.751123,2.652214,2.077121,25.548242,157.299667,-33.944322,-35.028522,4.667103,-6.218673,1,1,6.256517,1.947321,1.936262,0.034086,0,1
290,808.4156,949.0216,1049.8308,1548.388,1591.3436,1.442555,0.295479,0.300928,1.507411,0.351239,0.292504,1.62985,0.331833,0.248306,1.725665,0.44437,0.225738,1.528502,0.340831,0.273106,0.040727,0.190382,532.283997,-13.638378,-1.594826,-7.383286,21.812643,-66.738264,9.098736,11.399712,-3.930765,17.015331,24.423334,581.853075,1.767428,-72.529046,-72.964857,-73.519096,10,2,37.08003,4.401278,0.15136,2.889427,0,1
1407,910.111244,1082.170868,1108.163265,2172.447379,1811.893958,1.563504,0.084532,0.26164,1.661612,0.042934,0.232621,1.7698,0.078534,0.202377,1.971865,0.038445,0.151671,1.341228,0.224345,0.322415,-0.071068,0.339424,512.999782,-10.654163,11.807204,-19.456998,20.130787,-71.530326,10.827138,13.336321,-9.080254,17.997694,65.632888,543.485037,-65.228054,-101.644077,-33.380436,-44.176213,31,5,79.964832,12.474213,1.24407,12.572024,0.054552,1
826,607.551779,814.112755,714.826869,1864.280288,1261.42383,0.853503,0.47605,0.55679,0.973591,0.414624,0.501464,1.202355,0.304397,0.390871,1.625399,0.34524,0.268115,1.058167,0.446291,0.448329,-0.16396,0.320737,768.030557,-8.637012,5.856068,-6.475734,24.169756,-173.207765,-7.436375,10.566519,-0.164527,4.033894,134.679581,827.757495,-89.520597,-200.956733,-118.408594,-121.092069,1,1,27.537513,0.862611,1.055744,2.237118,0.025188,5
1211,851.0808,892.69,896.1992,1701.7632,1685.4728,1.183553,0.184013,0.395398,1.31519,0.05156,0.332751,1.40838,0.152187,0.311852,1.782531,0.130451,0.200701,1.275445,0.296154,0.35518,-0.012466,0.289044,443.054561,-22.388382,6.711563,-12.167152,21.622749,-44.177432,14.219118,8.988171,8.594905,14.605392,81.109833,532.089164,-58.490295,-108.196967,-60.887406,-20.968301,2,1,18.640225,5.216329,1.641596,1.679664,0,3
558,504.521791,671.847661,609.793683,2008.757297,1411.566973,0.95166,0.360397,0.506183,0.980601,0.443172,0.495659,0.96844,0.538128,0.520992,1.827028,0.206047,0.189993,1.244367,0.352726,0.372291,-0.153349,0.497644,59.268709,-2.40634,3.172861,1.267623,2.313915,-6.539717,-0.551977,-0.656191,-1.874011,2.994917,5.402706,72.144755,-27.920937,-11.145787,-8.305998,-3.648032,3,2,32.291838,2.096832,0,0.735393,0.890164,5
534,852.459167,1025.718175,1102.348679,1712.457966,1601.407126,1.529344,0.240442,0.265605,1.647815,0.276073,0.232255,1.733882,0.289918,0.213208,1.88481,0.362251,0.171821,1.534462,0.266042,0.267345,-0.006196,0.225503,773.687579,-16.202881,2.856485,-11.375006,20.064196,-108.391304,4.81097,9.031967,-6.966986,10.104928,34.950217,867.182686,5.895779,-124.460972,-90.097442,-113.204268,19,3,71.930468,4.878454,0,3.745805,0.017416,1
306,935.0868,1069.0908,1153.366,1683.2468,1913.138,1.35309,0.328638,0.348731,1.404804,0.302557,0.329788,1.552276,0.269582,0.267941,1.652953,0.252205,0.238825,1.2726,0.351733,0.368049,0.082028,0.188552,564.500709,-13.37225,10.691641,-11.818924,9.653711,-85.161072,4.357542,-0.299976,-0.884426,14.34749,45.242359,637.9348,-17.220432,-81.323953,-64.123726,-66.557774,1,1,3.342223,0.015064,1.162957,0,0,5
937,447.6016,625.6104,504.2472,1533.464,1042.7372,0.690635,0.500846,0.633738,1.023914,0.229824,0.462173,0.907044,0.42946,0.538914,1.685937,0.300744,0.263891,1.217731,0.414252,0.403388,-0.151012,0.347398,253.664136,-2.619296,-0.046962,-2.929523,5.947227,-36.542796,-4.085016,6.278535,-0.69208,6.663077,15.52099,290.54172,0.456896,-42.022926,-32.307694,-43.052714,5,2,54.479271,1.591393,0.974284,1.951766,0.73197,5
1494,1083.908764,1310.767907,1472.252101,1950.523409,1970.845938,1.533063,0.19146,0.268705,1.626644,0.220179,0.241514,1.745051,0.232472,0.205974,1.830725,0.236684,0.184434,1.404489,0.29934,0.311063,0.018452,0.148686,699.669717,-6.790352,17.780391,-24.46617,18.717488,-80.738382,-0.1608,7.385949,-1.454269,25.137485,66.219356,733.793693,10.17866,-109.994209,-112.631254,-79.818434,3,1,14.942191,0.080312,2.795231,0.389081,0.058336,5
1695,1071.1716,1220.65,1328.6588,1592.3364,1744.2776,1.774455,0.009376,0.198993,1.856825,0.003227,0.181916,1.944281,0.024514,0.158765,2.001083,0.056429,0.147368,1.531157,0.211355,0.263259,0.069705,0.089953,924.680891,-14.49645,5.898553,-22.94406,21.658854,-92.573425,11.7024,16.561482,-4.668719,23.152367,75.811013,969.405519,-208.955252,-123.497706,-99.387724,-79.147681,46,4,80.256148,57.781278,3.128917,31.253839,0.077526,1
2025,1547.259096,1345.112355,1309.538984,2417.470212,2974.944822,1.716414,0.256284,0.222464,1.598909,0.202485,0.253109,1.654966,0.241659,0.235052,1.865044,0.177053,0.180456,1.602834,0.285971,0.255093,0.089716,0.305111,193.968014,1.461324,-6.360445,-10.182619,1.231851,-17.764787,6.569454,7.595266,-3.835518,-0.799916,23.635682,207.557097,-31.766793,-36.327491,-2.21833,-3.718935,2,1,2.165708,0.000111,1.873853,1.018187,0,3
1447,621.384,845.3792,877.0996,2188.2648,2091.8216,0.913273,0.363764,0.517768,0.966132,0.303758,0.491398,1.178997,0.274165,0.404099,1.549702,0.168939,0.255437,0.826877,0.458022,0.543289,-0.01895,0.43404,258.123553,3.225605,5.219879,-10.159881,5.539606,-45.772173,-8.214237,-7.156857,4.347959,6.872325,60.710499,258.730367,-54.706286,-74.802694,-39.199347,-3.874158,2,2,1.131451,1.534775,2.433,0.055972,0.945736,1
948,939.9264,1091.9892,1171.7264,1968.538,1850.4092,1.516625,0.244711,0.285235,1.635785,0.180054,0.245432,1.781605,0.217331,0.201758,1.933655,0.191093,0.167417,1.566699,0.222089,0.250459,-0.022908,0.275568,185.748157,-4.069483,0.789473,-4.908114,5.515135,-23.307475,2.387899,1.419871,-0.33072,3.36088,26.631826,176.115123,-35.10787,-30.982409,-0.783219,-8.348403,32,5,39.17305,7.98389,0,26.866452,0,4
716,571.843663,792.533387,750.540584,1813.382247,1510.632547,0.958777,0.332206,0.489893,0.938568,0.366383,0.505837,1.179035,0.356561,0.410014,1.550133,0.357709,0.288591,1.122649,0.41826,0.432089,-0.068914,0.304281,732.914311,-7.021614,4.565439,-9.504743,25.362302,-156.911711,12.511364,12.684274,8.472258,11.720465,130.450004,752.21827,-81.733386,-165.524254,-99.898283,-96.333718,2,1,25.460014,1.534159,0.089147,1.991281,0.766305,5
1197,1604.834466,1550.139144,1558.276289,2355.281487,2551.27589,1.590373,0.304553,0.256061,1.531671,0.296928,0.274394,1.593369,0.317201,0.249801,1.802069,0.201686,0.191671,1.572746,0.286332,0.258005,0.025198,0.227382,208.335604,-7.390611,0.452983,2.946806,-0.659858,-31.734239,2.706735,5.824734,1.801729,7.991963,64.933144,194.172923,-48.139172,-59.651135,7.650859,16.513976,2,2,0.095791,0.70619,1.996306,0.318169,0,3
1222,362.236305,458.657737,368.313475,1056.883647,660.347861,0.783003,0.335528,0.559929,0.467504,0.726369,0.747903,0.487652,0.785142,0.739679,1.040138,0.615048,0.529749,0.692708,0.67262,0.64741,-0.167646,0.210689,381.149129,-14.02045,1.074149,-19.625137,10.567497,-42.813624,1.467718,7.032518,-12.446405,-1.785937,38.781901,428.658971,-35.35775,-51.476004,-71.140596,-67.879035,2,1,30.036626,4.266485,0.32718,7.620147,0.047041,5
166,825.7692,1024.4028,1085.0104,1782.2556,1633.8272,1.591218,0.247959,0.24481,1.707548,0.2574,0.213689,1.764394,0.27662,0.19679,1.925633,0.339089,0.161146,1.537067,0.244872,0.261422,-0.007442,0.262331,400.160846,-13.215332,9.418654,-7.709293,18.424866,-36.78796,-2.942558,0.157544,-4.131259,15.64273,38.357753,506.209789,-71.775603,-74.64188,-46.010553,-26.795243,28,3,48.986802,2.630763,0.215316,2.805518,0.009163,1
1813,769.4592,914.8216,971.9204,1790.9516,1530.2596,1.485999,0.170987,0.2784,1.620112,0.178687,0.237541,1.738479,0.205629,0.206667,1.991792,0.251214,0.148474,1.33499,0.289317,0.335585,-0.046503,0.288579,453.139893,-9.599045,-2.892675,-13.593851,2.784071,-58.432494,4.848529,4.677563,-5.850135,5.342295,55.827327,476.845391,-12.69312,-73.423453,-34.46271,-36.737102,53,4,83.276433,8.834385,2.172535,9.541651,0.015204,1
730,1138.6468,1306.2964,1296.5228,2168.9292,1968.3544,1.550016,0.286783,0.27517,1.58949,0.296835,0.262104,1.666344,0.318443,0.241373,1.836215,0.241631,0.188948,1.409095,0.348369,0.318756,-0.041717,0.292163,190.279805,-5.995184,-0.267134,-6.614596,3.823815,-17.057821,3.782988,3.386137,-0.152691,7.741867,12.226667,218.250513,-3.243822,-25.21131,-23.252258,-15.748475,28,3,69.601136,3.205665,0.002248,8.040747,0.565339,4
168,359.0824,526.9388,455.0592,2072.2052,1202.028,0.730105,0.581095,0.620968,0.706739,0.601502,0.638499,0.839958,0.516935,0.566657,1.66962,0.160974,0.229126,1.00969,0.425005,0.464593,-0.278725,0.664645,344.382033,-6.790894,16.782944,2.914206,13.334596,-33.335374,-2.727471,0.606602,-5.65902,6.833613,33.01449,452.700426,-145.637336,-52.029096,-25.054122,-30.851131,1,1,19.927661,0.447439,2.313142,0.484267,1.847668,1
429,647.595762,844.055178,899.017993,1824.907637,1778.185526,0.932856,0.376962,0.502599,1.035701,0.299418,0.451025,1.235586,0.251062,0.368371,1.625358,0.160597,0.237085,0.890023,0.437884,0.511642,-0.004362,0.335494,239.722831,-3.634389,7.133954,-2.769959,5.612285,-31.291253,8.152239,1.385693,0.665633,7.156473,50.855343,242.311035,-45.770221,-58.58852,2.934829,2.98673,1,1,2.545392,0.122475,0.274777,0.881707,0,1
668,696.010804,825.09924,831.687475,1569.777511,1469.602641,1.258256,0.399178,0.38567,1.409847,0.322826,0.322198,1.452245,0.381879,0.321625,1.714069,0.37679,0.227928,1.396161,0.351133,0.321259,-0.00167,0.30724,400.24557,-8.53085,3.291765,-6.495699,10.841394,-46.517393,6.554562,9.760501,-0.098905,14.815295,6.845294,426.120261,6.910918,-41.603878,-44.256422,-64.611203,16,4,22.042089,6.855107,0.222783,2.630542,0,1
266,264.3332,413.1116,310.2108,1604.0044,888.4108,0.367811,0.646067,0.79039,0.151051,0.902875,0.91683,0.486768,0.567611,0.723348,1.24215,0.24402,0.381452,0.507378,0.709709,0.724889,-0.273607,0.613223,289.115258,-5.154423,15.829294,3.761508,16.059421,-35.353042,-12.004406,4.859857,-6.304265,6.918263,10.676607,419.187183,-147.217058,-43.344622,-60.132935,-61.946467,1,1,0,0,0.389844,0.333259,2.011522,5
1642,829.554,941.8476,1089.7224,1429.4468,1460.4908,1.565846,0.216383,0.252553,1.712098,0.21249,0.210874,1.881372,0.243133,0.170242,1.983604,0.291419,0.149165,1.222855,0.269681,0.369481,0.030643,0.133973,556.797616,41.446628,-17.491386,-20.442004,35.108476,-38.745045,-33.345293,-19.620156,-14.49129,8.656004,61.60816,554.485496,13.428012,-79.558989,-16.991301,-31.421623,50,4,92.887421,23.990702,4.117875,9.941544,0.241234,1
1423,1049.420168,1179.861545,1272.029612,1864.516206,1906.793918,1.49703,0.269124,0.277489,1.538718,0.245512,0.262233,1.657555,0.286486,0.230705,1.850246,0.264186,0.181529,1.401683,0.323545,0.310875,0.009236,0.202641,410.716593,1.736937,2.853205,-7.972917,27.056525,-62.467108,0.706618,20.582071,-0.518243,16.384698,69.977585,409.071937,-45.282666,-80.844832,-40.711799,-42.21984,16,3,48.319649,9.473975,3.020436,19.926419,0.616415,4
1867,549.8524,727.9364,667.484,2022.7872,1507.186,0.922071,0.405751,0.512237,1.052913,0.381921,0.452583,1.162318,0.42582,0.417096,1.700582,0.253899,0.232326,1.183777,0.354603,0.387506,-0.111841,0.434751,1221.5572,-7.981322,9.934905,-35.521495,37.840496,-126.285731,5.381431,19.547735,-3.217334,25.34077,124.042864,1300.444205,-60.120927,-177.259683,-100.38905,-96.855015,2,2,28.334673,3.118252,1.014297,1.667627,0,5
1457,1034.0904,1158.9536,1296.8704,1724.9752,1743.9556,1.699837,0.070558,0.217788,1.766048,0.0554,0.205096,1.875012,0.071029,0.175546,1.97575,0.046936,0.151536,1.535906,0.204672,0.266726,0.026816,0.149393,784.888178,-2.597367,9.593441,-18.469582,19.453211,-89.467707,8.702181,4.2862,-14.690304,21.453553,75.404665,812.013706,-55.356766,-114.281671,-87.321377,-95.697203,48,4,77.462535,15.069446,2.132036,12.480541,0.976966,1
1476,891.9836,1015.9784,1118.7656,1586.9748,1564.3412,1.607583,0.046843,0.228148,1.677486,0.063084,0.211714,1.770572,0.080809,0.190163,1.923004,0.080807,0.159417,1.248839,0.253599,0.355496,0.0157,0.17447,576.003115,-10.094484,17.866936,-19.510654,23.710113,-59.835468,10.024842,12.203762,-7.581853,19.22221,52.104155,643.763482,-17.041902,-95.243088,-56.007403,-75.870866,55,5,119.739306,19.966426,1.111334,14.556318,0,1
1743,631.4204,761.7916,712.6556,1643.9148,1225.396,1.099667,0.217931,0.433847,1.071466,0.372935,0.459595,1.176491,0.356915,0.418449,1.562066,0.358196,0.295595,1.178386,0.437599,0.407872,-0.110732,0.305475,853.050046,-2.236625,11.86402,-20.726323,12.961875,-131.554957,4.768151,11.065533,-5.929209,8.232632,129.785979,1040.777438,-116.25185,-225.731289,-30.834454,-34.407103,6,2,44.160118,5.777171,5.23812,3.285882,0,5
818,506.092,694.744,626.1784,2322.1548,1644.6872,0.60351,0.553921,0.678835,1.105132,0.115745,0.410993,1.112837,0.252863,0.425768,1.853264,0.011683,0.17756,1.18653,0.307099,0.380158,-0.159687,0.569732,684.053628,-6.341639,-9.702195,10.52471,21.383077,-145.600031,-26.066653,16.469036,14.811456,-11.881491,203.160343,677.397752,-83.718626,-202.778692,-37.034424,-35.535249,1,1,25.832943,3.329939,0,2.582704,0.234157,5
831,759.8204,914.8812,896.5264,1841.6512,1543.354,1.242461,0.26541,0.373037,1.371219,0.15887,0.315891,1.466691,0.209347,0.2904,1.791224,0.190837,0.19599,1.179693,0.339402,0.394854,-0.069404,0.329273,616.75573,-21.638814,0.758762,-16.741886,37.405525,-84.92914,11.862468,-1.997462,4.406,26.703179,139.011258,691.780914,-168.788722,-167.048597,-59.304905,-28.344856,4,3,34.797054,17.626606,1.000568,7.672047,0,5
574,1543.630252,1423.646258,1446.17527,2331.557023,2770.208083,1.522017,0.292798,0.282054,1.449181,0.243182,0.302477,1.498491,0.26647,0.294434,1.678666,0.205586,0.232681,1.573946,0.290843,0.258044,0.070756,0.249297,129.565883,-7.83222,0.330093,-2.709228,5.816176,-15.459601,-1.133374,-0.833846,-1.285305,4.396279,33.022217,135.703838,-33.118708,-24.524284,13.672847,-3.942649,1,1,0.003554,0,1.482925,0.000038,0,3
2017,985.1132,1111.0672,1262.6792,1669.0176,1729.3448,1.554317,0.048878,0.249205,1.611834,0.076352,0.239131,1.718272,0.077193,0.210617,1.80964,0.115512,0.190459,1.311479,0.283914,0.334825,0.039295,0.139974,1455.689856,-33.24848,7.432597,-42.82591,42.213306,-98.219147,47.337127,33.165335,-13.741806,35.915638,108.25247,1639.27377,-8.076226,-203.989532,-209.52553,-145.537169,39,5,71.584027,9.08557,1.440425,8.804883,0.417121,1
1085,1454.1688,1611.336,1701.3416,2298.7276,2179.526,1.618351,0.048783,0.25041,1.645174,0.072935,0.237956,1.728607,0.141033,0.217284,1.79756,0.005731,0.197521,1.319135,0.310334,0.343062,-0.022717,0.186021,186.339889,4.165537,11.521383,-23.225783,12.456443,-28.045107,22.251465,-13.304513,-2.073805,20.362743,66.638654,188.901527,-19.842357,-65.01966,-14.65397,0.826373,8,2,2.067711,0.200363,1.056144,0.304369,0.545927,3
1984,671.0956,831.4572,844.944,1776.6112,1434.7748,1.46607,0.153265,0.276099,1.616143,0.185457,0.229146,1.703788,0.219471,0.209284,1.92489,0.260854,0.160286,1.31164,0.235762,0.331516,-0.074054,0.354434,819.878638,-18.003163,8.502827,-28.69881,28.87492,-64.00307,19.297437,35.424461,-6.194625,26.115818,32.988751,917.626839,115.580601,-102.905872,-151.058673,-147.052391,39,3,79.424189,5.986085,0.840526,5.73074,0,1
321,230.840464,360.782487,244.320272,1562.571771,692.632547,0.233739,0.806725,0.865318,0.179832,0.84555,0.897256,0.344767,0.730405,0.7985,1.128544,0.338244,0.440036,0.565,0.708241,0.689754,-0.365789,0.581863,243.594774,-6.016136,14.738123,-3.103064,15.353065,-24.487158,-5.354132,2.869559,-2.490532,8.471031,18.656795,325.441714,-74.552594,-52.247584,-28.833438,-35.971128,2,2,0.750062,0.133726,0,1.826621,0.003294,5
1326,794.263705,904.792717,942.155262,1606.489796,1436.827931,1.561565,0.11552,0.266689,1.721233,0.06123,0.211724,1.757877,0.127226,0.213236,2.009804,0.12665,0.143924,1.554573,0.199793,0.260573,-0.024333,0.258421,467.168346,0.295498,4.382298,-2.888933,5.512801,-66.532866,-4.616926,11.540291,-2.811719,-4.348869,11.454389,472.302789,-56.44785,-47.240199,-44.682805,-65.177204,59,5,89.764439,23.946567,3.023355,6.940509,1.922325,1
785,504.37585,730.281088,679.321471,2319.792883,1684.146341,0.862002,0.479082,0.553008,1.145988,0.316864,0.408454,1.136577,0.464502,0.439256,1.850659,0.299646,0.178817,1.185179,0.329774,0.385411,-0.146025,0.549609,87.96606,-2.892235,-0.817685,-4.377063,2.265616,-7.458008,-1.18695,-0.58319,0.345808,1.949609,11.519635,98.42823,-20.198732,-13.399969,1.429082,-4.721851,8,3,22.769996,1.22421,0,8.484774,0.016738,4
1751,675.8276,870.08,883.7108,2139.5472,1883.5424,1.158808,0.335674,0.413669,1.288244,0.252994,0.356553,1.428497,0.306305,0.309096,1.671848,0.243665,0.229353,1.125664,0.334281,0.406331,-0.044655,0.405342,376.65439,10.738992,-6.140546,-0.685433,13.540358,-51.834865,9.187624,13.333205,0.929233,22.167588,52.21979,437.561379,-22.485092,-86.143211,-9.132542,-9.502984,3,1,18.68122,1.680324,0.558124,0.320767,0,1
979,737.929572,913.894758,910.295318,1987.265706,1652.111645,1.208573,0.167823,0.390818,1.359079,0.037821,0.327919,1.421567,0.085619,0.309205,1.858943,0.074562,0.175542,1.012767,0.371132,0.456681,-0.074449,0.367383,673.277228,-1.285076,12.355985,-17.763872,24.402904,-83.642008,18.41869,6.039729,-11.032166,21.983771,105.255411,650.226348,-82.753559,-119.640018,-37.425777,-46.939497,42,4,103.926557,11.093966,1.690328,5.796932,0.018758,1
471,854.354542,1026.468587,1085.768307,1732.791517,1612.931573,1.507318,0.337625,0.272203,1.610008,0.36185,0.245723,1.688296,0.366436,0.225241,1.87874,0.385049,0.172538,1.550205,0.287693,0.26167,-0.002302,0.230058,530.067609,-8.524883,13.446213,-10.835432,17.697557,-63.002578,10.52743,12.016733,-2.40394,16.048296,52.968756,602.906461,25.324638,-85.803499,-44.721891,-61.198658,2,2,25.284634,1.6171,0.000302,1.80176,0.196891,1
650,731.355058,892.592163,911.342263,1941.085166,1551.514194,1.368197,0.188743,0.315819,1.496219,0.169641,0.27162,1.610841,0.213233,0.240314,1.878487,0.189941,0.169715,1.26439,0.318378,0.356356,-0.099218,0.373046,602.151202,-19.95726,-0.819271,-17.499763,24.715791,-68.420474,10.645066,14.280061,1.290702,21.478859,115.041807,655.030614,-26.747284,-140.505284,-26.653636,-31.567643,20,2,91.660959,0.308979,0,0.408873,0.36422,1
771,612.481008,855.803679,766.198321,1905.820872,1410.619752,0.966276,0.375538,0.494582,1.040977,0.339276,0.459643,1.122801,0.34863,0.443344,1.571584,0.403858,0.291957,1.059707,0.457903,0.458271,-0.11911,0.290206,1201.570342,-11.165588,6.156397,-14.175566,39.94141,-276.665089,-6.419013,16.535872,5.814694,10.195259,226.445686,1220.793148,-144.363955,-292.820386,-179.317972,-170.292532,4,1,36.316136,2.279454,0.219013,4.112248,0.441542,5
537,808.9656,992.6132,1042.6244,1739.278,1773.1152,1.286759,0.301047,0.352859,1.322232,0.291751,0.346835,1.493997,0.342007,0.282321,1.701016,0.328827,0.219279,1.314743,0.349844,0.335832,0.030678,0.248317,351.517486,2.50817,-6.942928,-13.024088,6.607824,-48.809424,-5.122198,-4.784256,4.899173,5.768738,74.931897,356.497613,-63.087204,-84.084875,-14.188647,-7.175584,1,1,8.214413,0.9604,0.25569,0.003154,0.30006,4
1586,977.2068,1205.7196,1347.426,1983.5072,2031.556,1.407008,0.232414,0.31042,1.514232,0.25018,0.276919,1.662973,0.229237,0.228968,1.73812,0.277396,0.207101,1.33189,0.278531,0.330291,0.03164,0.191134,611.767515,-0.784699,10.21327,-20.50333,12.815587,-79.628819,7.182773,7.834129,5.028508,23.907749,83.543605,619.920481,-40.190789,-110.167836,-75.204495,-60.20601,24,1,23.575238,0.208124,2.336676,0,0.051072,1
550,871.0448,1085.1924,1184.1516,1964.9612,1777.6204,1.433862,0.346766,0.305531,1.557445,0.294598,0.259635,1.669477,0.325424,0.227664,1.871383,0.294109,0.175506,1.405103,0.292384,0.30558,-0.034639,0.24808,190.404209,-2.855123,2.508214,-4.831159,3.22179,-27.375089,5.2441,3.787888,1.106594,6.647253,22.100989,190.342121,-26.145586,-35.272878,-7.30133,-12.007735,10,3,8.157585,6.417077,0.008672,6.976003,0,4
605,645.8172,832.3684,842.106,1959.16,1820.7704,0.890898,0.313739,0.525867,1.026113,0.219677,0.455783,1.065992,0.312748,0.451506,1.727134,0.075991,0.209146,1.116807,0.360987,0.419961,-0.029302,0.409495,402.322887,-0.398708,-1.714198,-3.841588,10.22674,-67.306532,5.323177,3.084442,-2.346276,4.49184,58.101163,412.710927,-50.862757,-70.986017,-32.653629,-24.005755,1,1,24.72265,0.56298,1.421098,0.578979,0,5
464,1604.736,1647.3492,1658.068,2390.4372,2644.992,1.477238,0.313236,0.297728,1.434874,0.324725,0.31602,1.541837,0.281592,0.269205,1.608323,0.2176,0.249788,1.405773,0.314547,0.298005,0.049207,0.226667,297.765984,-4.568595,1.250318,-5.189871,7.722629,-47.5054,2.764764,3.66883,0.115959,7.079377,73.519394,270.112763,-36.374312,-69.075895,-1.178902,-13.645298,1,1,4.205533,0.310295,0.654313,0.373586,0,3
1232,1048.5002,1171.751901,1228.970788,1874.237695,1736.417767,1.48769,0.22328,0.276629,1.521543,0.233828,0.267223,1.601923,0.252723,0.246899,1.762753,0.238028,0.205638,1.278868,0.333724,0.354853,-0.018697,0.205682,248.51462,-4.084372,4.689629,-5.520881,14.209709,-47.969837,-6.441041,1.669553,-0.576891,5.054825,41.378444,237.858579,-68.134713,-49.152801,-17.650133,-26.454524,31,5,41.748773,14.835637,3.223447,10.901502,0.783855,2
599,935.136345,1168.433826,1308.423031,2071.247501,2171.866054,1.346685,0.243483,0.32587,1.450624,0.212369,0.293379,1.652218,0.221955,0.228279,1.670652,0.190628,0.218969,1.171818,0.358708,0.390486,0.030748,0.233487,330.361634,0.713643,15.932583,-18.426198,5.174875,-58.29015,-12.726644,9.195759,-22.813079,-9.939664,68.241396,311.44664,-35.418071,-77.693792,-56.74699,-20.082089,1,1,2.975405,1.514313,0,0.444578,0.040972,2
870,872.832867,1050.408637,1069.495402,2222.756897,1748.331467,1.427636,0.238577,0.322404,1.589949,0.131363,0.254471,1.694841,0.215311,0.236394,1.946618,0.130217,0.158282,1.357951,0.250768,0.324734,-0.104886,0.370661,445.659951,1.578215,9.576274,-10.043162,7.272125,-45.910048,0.312109,8.244131,-3.311451,9.824871,19.445749,440.839336,-53.652402,-55.210902,-16.413621,-60.892134,25,4,23.484272,13.380737,1.546279,24.006945,0.016162,4
1276,454.1644,606.4196,532.2652,2238.9564,1311.8836,0.6982,0.44572,0.639101,0.830049,0.350548,0.570667,0.596498,0.607616,0.712119,1.854735,-0.018052,0.178281,1.009613,0.342574,0.45763,-0.248191,0.616714,661.725736,-11.279709,11.814516,-11.958361,24.419872,-75.298016,0.679587,17.177083,-7.827612,11.062694,30.518029,718.812169,-27.362704,-92.745674,-77.065917,-110.32027,11,3,67.288813,9.39496,2.575989,8.24608,0.214204,5
748,1168.231785,1292.198559,1524.576461,2090.121697,2156.026821,1.306039,0.322797,0.34131,1.281546,0.33562,0.361573,1.463943,0.357622,0.292827,1.65712,0.303939,0.235369,1.416519,0.321148,0.312289,-0.002707,0.215483,307.9276,-1.951723,14.018626,-11.243214,15.13901,-33.091064,9.631049,4.699038,10.470936,18.286339,110.547632,373.728579,-2.708997,-126.817404,-29.105613,-1.84402,1,1,28.327499,0.742193,3.214045,1.434607,0,3
968,814.584966,996.372251,1007.164734,2102.126749,1750.352659,1.418752,0.207719,0.308494,1.5446,0.206643,0.264739,1.63527,0.222681,0.239445,1.924273,0.216612,0.16464,1.522579,0.257745,0.263426,-0.074113,0.363526,528.472773,-11.663042,16.414269,-15.250284,18.481016,-62.693866,11.815837,10.123838,-1.215491,21.992855,90.996247,607.825874,-21.599601,-123.383144,-56.144149,-51.66359,21,1,58.730841,0.358402,2.219024,0.737959,0.00248,1
1612,832.6244,958.1644,1000.1332,1730.7472,1585.192,1.467905,0.157349,0.284217,1.618505,0.118366,0.232553,1.689313,0.162938,0.220247,1.894532,0.092746,0.166785,1.323636,0.288255,0.327654,-0.024307,0.276121,393.432851,-3.07787,3.612802,-10.007317,11.826528,-40.219179,8.721145,9.62838,-1.610819,11.750349,24.623102,428.055052,-9.481979,-56.759466,-40.343043,-54.390542,37,4,75.859676,10.416906,0.463583,9.344214,0.313606,1
1210,1200.0292,1168.6056,1221.564,1789.6008,1991.4068,1.445859,0.165155,0.298667,1.429102,0.125684,0.304948,1.490208,0.181799,0.290331,1.724476,0.145717,0.213926,1.427796,0.296597,0.305314,0.044804,0.1915,1098.133085,-21.364203,16.274299,-26.867522,33.558887,-142.315362,12.827269,11.965872,-1.290341,24.012685,218.743018,1198.385864,-94.80217,-258.848052,-91.063044,-55.208335,2,2,13.237652,9.354617,2.971864,2.528084,0,3
922,891.85114,1055.352541,1087.478191,1939.52381,1666.753501,1.531449,0.240043,0.270138,1.643627,0.212659,0.235092,1.736693,0.247101,0.208493,1.930627,0.293959,0.160642,1.334394,0.221747,0.323305,-0.056161,0.297185,453.961627,-12.562449,-3.478366,-13.369235,9.470841,-72.53758,4.521237,2.258469,-4.557261,5.750575,53.019747,490.672361,-74.635702,-88.856294,-44.529697,-45.88483,46,3,93.542431,6.032181,4.051252,3.48367,0.383989,1
401,855.1048,1060.1452,1134.3052,1804.306,1743.8892,1.512211,0.246875,0.27357,1.635721,0.313976,0.241728,1.748995,0.300189,0.207299,1.868643,0.386868,0.178568,1.505829,0.297057,0.279585,0.01026,0.229757,536.456026,-15.211503,5.466754,-12.17666,11.194208,-66.116223,1.652908,5.296128,-3.344551,2.625666,51.185512,584.118219,-22.970192,-75.714184,-12.870875,-51.90978,8,2,21.894531,0,3.112418,3.978816,0.143947,1
725,550.084766,753.056777,700.247501,2265.696122,1770.877249,1.061168,0.28427,0.450541,1.211014,0.254577,0.376802,1.219345,0.352963,0.39792,1.875446,0.104167,0.176112,1.279151,0.308892,0.344647,-0.115439,0.540135,243.344761,-6.76627,-4.263795,-4.447229,12.245686,-49.4307,8.438839,2.644246,-5.523978,10.54865,51.642068,263.341613,-17.747143,-73.684181,-35.599715,-23.037169,4,2,2.761759,1.460629,0.511505,10.390626,0,4
631,1527.257497,1719.035986,1761.820472,2423.979208,2329.510196,1.464642,0.230703,0.306677,1.493139,0.20151,0.294939,1.582576,0.228107,0.266802,1.643202,0.294164,0.256051,1.243981,0.373273,0.389054,0.00356,0.15085,152.531041,-8.951499,-0.875719,-2.614104,5.260132,-16.572723,-3.823728,-2.425372,-3.292374,3.175476,46.367865,139.340084,3.654705,-48.563733,18.435622,15.957889,2,1,0,0,1.70675,0,0,3
1460,879.716,997.126,1072.1044,1699.3988,1606.6888,1.615792,0.116787,0.234963,1.685493,0.128627,0.223358,1.834207,0.146248,0.179279,2.036791,0.150545,0.139802,1.364964,0.229299,0.32159,-0.008016,0.220304,803.481769,-12.677477,11.226174,-11.651317,24.943281,-100.221406,24.310211,5.741391,-2.397625,19.050769,83.995146,837.15741,-74.99586,-127.117132,-82.827244,-76.794387,34,5,65.656096,8.756105,1.329832,10.638025,0.626587,1
1254,1114.279312,1188.803521,1257.85034,2107.336134,2340.007603,1.414386,0.204871,0.30302,1.422772,0.155611,0.304749,1.554557,0.160934,0.258736,1.716443,0.115674,0.211201,1.32257,0.352427,0.343579,0.048264,0.263126,372.829499,4.831188,20.172813,-37.570265,34.166707,-58.483007,31.936816,-32.278297,7.283584,34.384234,62.797105,443.296456,-91.936304,-125.453139,-3.759869,-7.358808,1,1,0.172863,0.667303,2.767144,0.329808,0,3
879,590.4832,839.5592,765.8888,2453.1408,1763.6024,1.015541,0.362245,0.485906,1.215609,0.301481,0.401432,1.324586,0.301195,0.356227,1.740732,0.212643,0.218509,1.273436,0.341552,0.353491,-0.150236,0.488151,260.66618,-0.559835,2.091243,-2.634312,4.27806,-49.698891,-6.094645,1.347229,-4.280648,-1.456758,43.408334,262.08301,-46.079231,-51.893607,-30.425872,-21.350398,1,1,41.918801,3.465689,0,3.340429,0.815459,5
1539,747.7248,912.7584,947.8704,1619.1592,1660.1348,1.12449,0.350535,0.427931,1.266339,0.355228,0.378953,1.390482,0.352192,0.334035,1.699695,0.364482,0.233264,1.415113,0.317259,0.302528,0.034696,0.238185,705.673347,-5.604926,9.311592,-22.545906,14.645997,-111.376432,-6.21417,-3.366922,3.257552,21.364833,99.453611,677.611334,-77.557983,-144.189911,-94.173109,-51.522398,1,1,11.019719,0.000008,2.927226,0,0.058348,5
666,506.133547,692.601359,675.820872,1875.4998,1637.045982,0.805402,0.541016,0.594848,1.015303,0.421531,0.49011,1.185185,0.328854,0.402787,1.725587,0.264409,0.214852,1.163827,0.395909,0.411899,-0.050172,0.469525,457.16639,-10.589771,1.71771,-13.767675,19.218126,-55.710525,10.328832,3.441734,1.177281,16.13162,62.7452,512.260446,-13.226747,-88.695575,-43.286223,-64.743,12,2,35.683071,2.699987,0.002417,0.460321,0,1
2047,907.18,1007.8324,1091.338,1710.5056,1657.04,1.622707,0.121885,0.225037,1.664577,0.104502,0.213402,1.772415,0.096241,0.190617,1.931606,0.163401,0.157896,1.350989,0.211688,0.31758,0.006316,0.21776,582.750724,-10.565592,0.889461,-13.395395,17.913309,-60.549442,15.391627,9.068225,-3.187447,13.161291,28.493139,641.952907,37.056287,-72.094109,-87.52443,-86.093642,42,5,103.309099,12.798215,0.793039,8.360098,0.221899,1
1268,758.8288,863.4904,889.0212,1390.8124,1183.2904,1.03424,0.233018,0.46239,1.139708,0.171881,0.413442,1.296922,0.197867,0.359378,1.520134,0.047175,0.299081,0.873392,0.427465,0.527723,-0.061619,0.207314,432.287991,-17.814474,9.47101,-0.869713,19.664651,-64.668068,2.514921,-4.812451,-2.274879,8.833517,118.613271,405.351945,-91.660367,-106.300542,44.970868,40.775919,9,2,25.52534,14.481549,1.212809,2.872722,0,3
855,1035.17567,1101.990796,1055.628251,2330.714686,1953.036014,1.368357,0.362078,0.341099,1.437947,0.259933,0.294799,1.491992,0.311592,0.29224,1.786383,0.231575,0.201636,1.248261,0.350407,0.377786,-0.086572,0.381155,256.637291,-3.088906,0.865074,-3.658436,7.050585,-20.819372,1.77344,2.563006,2.835364,6.434686,26.189966,296.717612,-1.068272,-33.488726,-46.995405,-42.564555,4,2,7.519923,0.736378,0.008908,0.050391,0.059867,3
747,1441.3792,1365.71,1593.0968,2291.2956,2482.62,1.659904,0.263952,0.238746,1.635461,0.208864,0.241965,1.753259,0.218649,0.204168,1.842522,0.178639,0.182202,1.608388,0.281895,0.248988,0.027143,0.204835,193.998614,-3.95013,5.404702,-4.898921,4.200814,-19.765391,7.235652,1.9337,-0.121732,7.563,52.64879,208.141395,-37.086774,-50.570552,-4.029398,5.005005,2,2,7.00732,0.090078,2.890546,0.369953,0,3
1279,344.8296,402.0744,328.2848,444.3156,342.2992,0.81119,0.233194,0.548059,0.303217,0.868254,0.849462,0.352966,0.857523,0.828889,0.454973,0.885956,0.796286,0.381218,0.83379,0.814469,-0.108405,-0.091343,653.925697,-9.778676,22.922308,-14.22985,25.519457,-73.354157,-11.077278,26.254563,-16.653688,8.183919,10.085673,748.317067,-82.030892,-49.763103,-177.947821,-160.530416,5,3,37.559905,7.846164,0.685151,10.001766,0.013579,5
1202,1067.6864,1189.3268,1208.4848,1913.7928,1811.9288,1.476461,0.272778,0.303901,1.572042,0.211276,0.263921,1.633936,0.264945,0.248602,1.905677,0.172678,0.167121,1.460416,0.255174,0.293719,-0.005303,0.256753,251.494305,-3.604157,2.532978,-5.715288,6.263979,-26.891028,0.119086,3.593859,-4.592247,11.278123,69.133565,266.787004,12.048966,-60.586257,-19.179976,-1.055989,14,3,56.378141,3.90906,1.524569,3.89634,1.140393,3
1097,927.579832,1042.482593,1142.833533,1610.684674,1672.685474,1.548175,0.107449,0.250564,1.65322,0.116414,0.221812,1.75846,0.13891,0.196103,1.868661,0.170628,0.17484,1.482555,0.231208,0.27741,0.04565,0.160796,641.292108,-14.321421,3.333011,-7.800431,22.738431,-77.830089,-5.646906,10.586146,-5.046437,13.591565,34.870329,648.433596,-12.225092,-83.037583,-86.222144,-92.964592,19,2,59.108481,12.04654,1.033909,9.573781,0,1
367,777.2372,981.0876,1031.8452,1968.3552,1875.1384,1.186528,0.284399,0.398983,1.304397,0.218807,0.360217,1.51043,0.168461,0.272662,1.69764,0.138896,0.214923,1.101337,0.340859,0.417462,-0.016663,0.319109,266.652959,-4.725008,8.255507,-4.52069,7.375905,-45.053549,8.669461,2.446973,-0.724204,7.055148,32.480972,291.699318,-46.459542,-60.497638,-21.74886,-23.461197,1,1,7.984275,3.607853,1.437489,0,0,5
1255,1022.836335,1209.070428,1322.785914,2058.453782,2122.855142,1.392091,0.238791,0.323394,1.440378,0.225435,0.307753,1.610993,0.202144,0.247304,1.713804,0.177204,0.210815,1.262535,0.323871,0.362718,0.019189,0.232786,341.221073,5.012893,13.087003,-22.50592,19.595484,-53.939237,23.86033,-25.56535,1.520671,28.457582,51.125698,371.898305,-68.198892,-82.988879,-9.430599,-3.819469,1,1,0.381934,0.164243,2.996039,0.771243,0,3
513,1418.593437,1532.306122,1651.479392,2172.320128,2276.647459,1.606056,0.114537,0.248569,1.624186,0.113749,0.245357,1.758804,0.160855,0.206596,1.798013,0.111257,0.191825,1.437542,0.27034,0.300451,0.026458,0.159075,152.669338,-7.136751,3.300626,-5.458991,7.725671,-15.979821,3.74178,2.457133,0.230066,6.934453,34.407589,153.703299,-25.688284,-41.606462,-4.488719,-0.579134,2,1,0.139862,0,1.007487,0,0,3
1277,337.032813,499.783914,366.136855,2494.897159,1384.202081,0.487642,0.474483,0.718949,0.527181,0.561279,0.697973,0.334099,0.782623,0.816924,1.815836,0.065175,0.185966,0.878177,0.439477,0.517318,-0.276354,0.723231,241.792396,-8.655764,8.35287,-5.955371,14.680998,-39.649363,0.570887,12.864743,-4.734809,7.506732,8.26534,288.008809,-5.288422,-36.16797,-56.298429,-61.02212,2,2,37.49628,5.936869,1.848727,3.877343,0.004005,5
674,581.4056,725.7492,740.4764,1553.3744,1275.8,1.544726,0.115616,0.249027,1.670551,0.118838,0.217946,1.775331,0.139684,0.192346,2.02631,0.27243,0.140988,1.492002,0.196426,0.276109,-0.064767,0.364603,290.779964,-6.971896,2.654337,-9.030393,4.774542,-35.090848,5.929747,7.53465,-1.877584,10.047259,11.045308,328.493875,-1.006934,-40.312729,-35.774953,-40.429311,52,4,114.332698,6.133853,0.012687,5.753016,1.249205,1
1161,449.22511,609.082367,491.364254,2335.245102,1329.956817,0.661273,0.545297,0.654637,0.973811,0.308947,0.487928,0.717603,0.611124,0.638298,1.888828,0.195184,0.169468,0.976744,0.412018,0.475153,-0.262398,0.643219,41.487362,-1.090794,0.70685,-0.935935,1.303473,-5.326694,-1.883744,1.014702,-0.370597,0.896819,1.645682,40.469211,-6.635167,-7.844877,-0.861717,-2.389432,10,4,57.639633,5.349527,0.083788,11.727558,0.654555,2
1962,837.446178,1037.469388,1093.358543,2108.112445,1964.737895,1.23123,0.323413,0.39145,1.379638,0.229292,0.321506,1.456054,0.293254,0.309008,1.686968,0.224643,0.218028,1.171191,0.368931,0.393506,-0.027673,0.335739,183.552568,5.176226,2.176541,-6.581178,5.073977,-22.704476,1.990465,6.757897,1.085431,4.809135,34.927652,226.939774,-29.308471,-49.106576,-12.96961,-0.889985,1,1,1.321089,0.039636,2.034696,0.636168,0,1
485,966.0584,1161.3692,1212.3856,1932.4464,1909.7252,1.32976,0.307085,0.346035,1.421419,0.300765,0.311496,1.531404,0.296777,0.269442,1.728167,0.283256,0.210252,1.285522,0.338715,0.353215,0.011005,0.240271,219.432253,-4.051339,2.842268,-4.994276,7.112399,-36.48638,-0.224945,-1.313314,-0.353287,6.662476,41.709579,234.433208,-55.295448,-44.869516,-11.855665,-14.196435,9,3,3.779211,9.446337,0.316778,0.101791,0,2
1429,905.271709,1006.965986,1089.122449,1587.865946,1555.743497,1.661426,0.055145,0.213937,1.701646,0.070972,0.20715,1.797462,0.090813,0.184069,1.901537,0.103461,0.165582,1.182508,0.302479,0.387004,0.009579,0.186498,731.340614,-1.524527,21.474705,-21.420025,21.771726,-76.606915,6.170436,12.027682,-13.350386,21.733179,45.141934,823.46987,-21.28791,-106.305335,-65.303158,-109.291194,47,4,111.647917,19.738738,1.645835,13.150441,0,1
825,764.569828,923.226891,913.545018,1954.744298,1452.943978,1.314841,0.363723,0.358578,1.51988,0.300385,0.27412,1.527299,0.411485,0.28897,1.861102,0.295548,0.185946,1.342476,0.307236,0.332355,-0.112114,0.363493,301.356018,-1.609406,0.827761,-3.425292,7.734912,-67.179664,-2.489769,5.202926,0.396264,2.097122,50.000727,310.409508,-41.562337,-69.867531,-40.65353,-41.330639,3,3,12.971036,2.086997,0.162275,2.97925,0.221023,4
212,1031.041583,1303.438625,1503.604958,2119.209116,2273.118353,1.265803,0.270279,0.368934,1.398747,0.264478,0.319028,1.529274,0.281052,0.267335,1.613845,0.230374,0.246672,1.26471,0.343848,0.362912,0.043318,0.193421,170.935868,-0.322577,4.451856,0.898221,8.487145,-17.878699,-7.764396,4.981728,-2.497711,5.917441,-6.707702,222.996688,-41.589057,-7.910531,-47.103342,-43.33519,3,2,33.875428,3.125266,0.873253,5.52888,0.011389,4
1610,950.510204,1070.661865,1140.426971,1589.783513,1581.980792,1.641291,0.065224,0.220557,1.720693,0.058938,0.200836,1.789515,0.085858,0.185887,1.902065,0.116235,0.163003,1.304026,0.236688,0.337286,0.020295,0.166465,495.85852,-7.363636,4.76379,-14.630661,18.708635,-43.713095,7.778061,8.952939,-1.266198,17.022763,21.148908,600.271484,-89.3997,-84.355676,-71.401762,-78.870742,31,4,70.688744,31.114148,1.568957,11.974146,0,1
1611,882.6392,1012.7668,1078.5904,1508.5428,1482.068,1.47944,0.113737,0.275536,1.565993,0.135721,0.261452,1.692437,0.11574,0.219506,1.825179,0.13549,0.18477,1.242883,0.266907,0.36557,0.018908,0.172794,486.852333,-10.414107,6.0657,-13.546633,18.606519,-69.084102,7.894361,8.920503,-1.778738,18.287336,34.187882,534.00343,-68.546796,-88.317344,-58.986963,-82.890764,47,5,78.620307,23.985789,0.944968,10.604801,0.009955,1
